desc: I1 cache:         32768 B, 64 B, 8-way associative
desc: D1 cache:         32768 B, 64 B, 8-way associative
desc: LL cache:         3145728 B, 64 B, 12-way associative
cmd: ./bloque.exe
events: Ir I1mr ILmr Dr D1mr DLmr Dw D1mw DLmw 
fl=./csu/../csu/libc-start.c
fn=__libc_start_main@@GLIBC_2.34
128 2 1 1 2 1 0 0 0 0
134 3 0 0 1 1 0 0 0 0
135 7 1 1 3 1 0 2 0 0
138 1 0 0 1 1 0 0 0 0
139 2 0 0 0 0 0 0 0 0
142 3 0 0 2 1 0 0 0 0
143 7 0 0 2 0 0 1 0 0
144 6 0 0 1 0 0 0 0 0
145 4 1 1 1 1 0 2 0 0
242 13 1 1 0 0 0 7 0 0
311 2 0 0 0 0 0 0 0 0
312 4 1 1 0 0 0 1 0 0
337 6 0 0 2 0 0 1 0 0
340 2 0 0 0 0 0 0 0 0
343 2 0 0 2 0 0 0 0 0
350 2 0 0 1 0 0 1 0 0
352 2 0 0 0 0 0 0 0 0
360 4 0 0 1 0 0 1 0 0
fl=./csu/../sysdeps/nptl/libc_start_call_main.h
fn=(below main)
30 6 1 1 0 0 0 4 0 0
45 5 0 0 1 0 0 2 0 0
47 2 0 0 0 0 0 0 0 0
52 2 1 1 1 1 0 1 0 0
53 2 0 0 1 1 0 1 0 0
56 2 0 0 0 0 0 1 0 0
59 5 1 1 5 0 0 1 0 0
83 2 0 0 0 0 0 1 0 0
fl=./csu/./csu/init-first.c
fn=_init_first
46 5 1 1 0 0 0 1 0 0
51 2 0 0 1 0 0 0 0 0
55 5 1 1 4 2 1 0 0 0
61 1 0 0 0 0 0 1 1 0
62 1 0 0 0 0 0 1 0 0
63 2 0 0 1 1 0 1 1 1
71 2 0 0 0 0 0 0 0 0
72 1 0 0 1 0 0 0 0 0
fl=./ctype/./ctype/ctype-info.c
fn=__ctype_init
37 1 1 1 0 0 0 0 0 0
39 7 1 1 5 4 0 1 0 0
41 4 0 0 2 2 0 1 0 0
42 2 0 0 1 0 0 1 0 0
43 2 0 0 1 0 0 0 0 0
44 1 0 0 1 0 0 0 0 0
fl=./debug/../sysdeps/x86_64/multiarch/ifunc-memmove.h
fn=__memcpy_chk
56 3 0 0 2 0 0 0 0 0
57 2 0 0 0 0 0 0 0 0
60 3 0 0 1 0 0 0 0 0
61 2 1 1 0 0 0 0 0 0
74 2 0 0 0 0 0 0 0 0
77 2 1 1 0 0 0 0 0 0
85 2 0 0 0 0 0 0 0 0
93 2 0 0 0 0 0 0 0 0
96 5 1 1 1 0 0 0 0 0
fn=__memmove_chk
56 3 0 0 2 0 0 0 0 0
57 2 0 0 0 0 0 0 0 0
60 3 1 1 1 0 0 0 0 0
61 2 0 0 0 0 0 0 0 0
74 2 1 1 0 0 0 0 0 0
77 2 0 0 0 0 0 0 0 0
85 2 1 1 0 0 0 0 0 0
93 2 0 0 0 0 0 0 0 0
96 5 0 0 1 0 0 0 0 0
fn=__mempcpy_chk
56 3 1 1 2 0 0 0 0 0
57 2 0 0 0 0 0 0 0 0
60 3 0 0 1 0 0 0 0 0
61 2 0 0 0 0 0 0 0 0
74 2 1 1 0 0 0 0 0 0
77 2 1 1 0 0 0 0 0 0
85 2 0 0 0 0 0 0 0 0
93 2 0 0 0 0 0 0 0 0
96 5 0 0 1 0 0 0 0 0
fl=./debug/../sysdeps/x86_64/multiarch/ifunc-memset.h
fn=__memset_chk
52 1 0 0 0 0 0 0 0 0
53 2 0 0 0 0 0 0 0 0
61 5 0 0 2 0 0 0 0 0
64 3 0 0 1 0 0 0 0 0
65 2 1 1 0 0 0 0 0 0
80 2 0 0 0 0 0 0 0 0
84 4 0 0 0 0 0 0 0 0
92 2 1 1 0 0 0 0 0 0
100 2 1 1 0 0 0 0 0 0
fl=./debug/../sysdeps/x86_64/multiarch/memcpy_chk.c
fn=__memcpy_chk
29 1 1 1 0 0 0 0 0 0
fl=./debug/../sysdeps/x86_64/multiarch/memmove_chk.c
fn=__memmove_chk
29 1 1 1 0 0 0 0 0 0
fl=./debug/../sysdeps/x86_64/multiarch/mempcpy_chk.c
fn=__mempcpy_chk
29 1 1 1 0 0 0 0 0 0
fl=./debug/../sysdeps/x86_64/multiarch/memset_chk.c
fn=__memset_chk
29 2 1 1 1 0 0 0 0 0
fl=./elf/../bits/stdlib-bsearch.h
fn=intel_check_word.constprop.0
26 888 0 0 0 0 0 0 0 0
28 972 0 0 0 0 0 0 0 0
43 72 0 0 0 0 0 0 0 0
44 60 0 0 0 0 0 0 0 0
fl=./elf/../elf/dl-tls.c
fn=_dl_add_to_slotinfo
1177 15 1 1 0 0 0 3 0 0
1178 15 1 1 6 0 0 0 0 0
1186 3 0 0 3 0 0 0 0 0
1189 3 0 0 3 2 0 0 0 0
1190 3 0 0 0 0 0 0 0 0
1194 9 1 1 3 1 0 0 0 0
1230 6 0 0 0 0 0 0 0 0
1233 6 0 0 0 0 0 3 2 1
1234 9 1 1 3 0 0 3 0 0
1236 3 0 0 3 0 0 0 0 0
1239 3 0 0 0 0 0 0 0 0
1240 6 0 0 6 0 0 0 0 0
fn=_dl_allocate_tls_init
612 10 2 2 0 0 0 7 0 0
613 2 0 0 0 0 0 0 0 0
617 1 0 0 1 1 0 0 0 0
619 1 0 0 0 0 0 0 0 0
620 1 0 0 0 0 0 0 0 0
623 2 0 0 1 1 0 1 0 0
626 5 0 0 2 1 0 0 0 0
638 3 1 1 1 0 0 0 0 0
643 26 1 1 4 0 0 1 0 0
649 8 1 1 0 0 0 0 0 0
652 9 0 0 3 0 0 0 0 0
653 6 0 0 0 0 0 0 0 0
659 9 1 1 6 0 0 0 0 0
660 6 0 0 0 0 0 0 0 0
662 21 1 1 9 3 0 4 1 1
665 6 1 1 0 0 0 0 0 0
666 6 0 0 3 0 0 0 0 0
669 6 0 0 0 0 0 0 0 0
670 12 0 0 6 1 0 0 0 0
672 6 0 0 0 0 0 0 0 0
673 6 0 0 3 0 0 0 0 0
682 3 1 1 0 0 0 3 0 0
692 6 0 0 3 0 0 0 0 0
694 33 0 0 9 0 0 15 0 0
698 3 0 0 3 0 0 0 0 0
702 6 0 0 6 0 0 0 0 0
706 2 1 1 1 0 0 0 0 0
708 2 1 1 1 0 0 1 0 0
711 1 0 0 0 0 0 1 0 0
714 9 0 0 8 0 0 0 0 0
fn=_dl_allocate_tls_storage
97 1 0 0 2 0 0 0 0 0
103 1 0 0 2 0 0 0 0 0
465 1 0 0 1 0 0 0 0 0
469 2 0 0 0 0 0 1 0 0
470 1 0 0 0 0 0 0 0 0
471 2 0 0 0 0 0 0 0 0
480 2 0 0 0 0 0 1 0 0
517 8 1 1 0 0 0 4 0 0
523 2 0 0 1 0 0 0 0 0
525 2 0 0 0 0 0 0 0 0
535 1 0 0 0 0 0 1 1 1
540 2 1 1 1 0 0 0 0 0
545 6 0 0 5 0 0 0 0 0
fn=_dl_assign_tls_modid
161 12 1 1 0 0 0 3 0 0
164 6 0 0 3 0 0 0 0 0
177 3 0 0 3 0 0 0 0 0
217 3 0 0 0 0 0 0 0 0
219 3 0 0 0 0 0 3 0 0
222 3 0 0 0 0 0 3 0 0
223 6 0 0 6 0 0 0 0 0
fn=_dl_count_modids
228 1 1 1 0 0 0 0 0 0
230 2 0 0 1 0 0 0 0 0
231 1 1 1 1 1 1 0 0 0
246 2 0 0 1 0 0 0 0 0
fn=_dl_determine_tlsoffset
251 8 1 1 0 0 0 5 0 0
252 2 0 0 0 0 0 0 0 0
253 1 0 0 0 0 0 0 0 0
254 1 0 0 0 0 0 0 0 0
286 1 0 0 0 0 0 0 0 0
288 17 1 1 1 0 0 0 0 0
289 7 0 0 7 0 0 0 0 0
291 21 1 1 7 6 0 0 0 0
294 9 0 0 3 1 0 0 0 0
295 6 0 0 3 0 0 0 0 0
297 6 1 1 0 0 0 0 0 0
299 12 0 0 0 0 0 0 0 0
315 24 0 0 0 0 0 0 0 0
318 3 0 0 0 0 0 0 0 0
320 15 0 0 0 0 0 0 0 0
323 3 0 0 0 0 0 0 0 0
327 3 0 0 0 0 0 3 0 0
344 3 0 0 0 0 0 0 0 0
350 9 2 2 0 0 0 0 0 0
361 3 0 0 0 0 0 1 0 0
363 1 0 0 0 0 0 1 0 0
364 7 0 0 1 0 0 0 0 0
366 2 0 0 0 0 0 1 0 0
455 1 0 0 0 0 0 1 0 0
456 7 0 0 6 0 0 0 0 0
fn=_dl_tls_initial_modid_limit_setup
1138 1 1 1 0 0 0 0 0 0
1139 1 0 0 1 1 0 0 0 0
1142 13 0 0 1 0 0 0 0 0
1144 12 0 0 4 1 1 0 0 0
1145 8 0 0 0 0 0 0 0 0
1148 6 0 0 3 0 0 0 0 0
1151 1 0 0 0 0 0 1 1 0
1152 1 0 0 1 0 0 0 0 0
fn=_dl_tls_static_surplus_init
119 3 0 0 0 0 0 0 0 0
133 8 1 1 0 0 0 4 0 0
136 5 1 1 1 0 0 1 0 0
137 5 0 0 1 0 0 1 0 0
138 3 0 0 0 0 0 0 0 0
140 4 1 1 0 0 0 0 0 0
143 1 0 0 0 0 0 0 0 0
145 1 0 0 0 0 0 1 0 0
147 3 0 0 0 0 0 1 0 0
148 6 0 0 5 0 0 0 0 0
fl=./elf/../include/list.h
fn=__tls_init_tp
43 2 0 0 1 1 0 1 0 0
44 2 0 0 0 0 0 1 0 0
45 1 1 1 0 0 0 1 0 0
47 1 0 0 0 0 0 1 0 0
fl=./elf/../include/rtld-malloc.h
fn=__minimal_calloc
56 17 0 0 17 0 0 0 0 0
fn=_dl_allocate_tls_storage
44 2 0 0 1 0 0 1 0 0
56 1 0 0 1 0 0 1 0 0
fn=_dl_check_map_versions
44 18 0 0 6 0 0 6 0 0
fn=_dl_find_object_init
56 1 0 0 1 0 0 1 0 0
fn=_dl_important_hwcaps
56 4 0 0 2 0 0 2 0 0
fn=_dl_init_paths
56 4 0 0 3 0 0 3 0 0
fn=_dl_map_object_deps
56 12 1 1 6 0 0 6 0 0
fn=_dl_new_object
44 18 0 0 6 0 0 6 0 0
56 15 0 0 5 0 0 5 0 0
fn=do_lookup_x
44 13 0 0 3 0 0 4 0 0
fn=fillin_rpath.isra.0
50 2 1 1 2 0 0 1 0 0
51 1 0 0 0 0 0 0 0 0
56 2 0 0 1 0 0 1 0 0
fn=init_tls
44 3 0 0 1 0 0 1 0 0
fl=./elf/../include/scratch_buffer.h
fn=_dl_map_object_deps
77 3 0 0 0 0 0 2 1 1
78 1 0 0 0 0 0 1 0 0
85 3 1 1 2 0 0 0 0 0
131 15 0 0 0 0 0 5 0 0
fl=./elf/../include/stackinfo.h
fn=_dl_map_object_from_fd
62 240 1 1 45 0 0 40 1 1
fn=dl_main
62 8 1 1 1 0 0 1 0 0
fl=./elf/../misc/sbrk.c
fn=sbrk
37 5 1 1 0 0 0 1 0 0
40 1 0 0 1 0 0 0 0 0
58 2 0 0 0 0 0 0 0 0
62 2 0 0 0 0 0 0 0 0
78 3 1 1 2 0 0 0 0 0
fl=./elf/../nptl/nptl-stack.h
fn=__libc_early_init
61 7 0 0 2 1 0 0 0 0
fl=./elf/../sysdeps/generic/dl-cache.h
fn=_dl_load_cache_lookup
125 4 0 0 4 0 0 0 0 0
194 1 0 0 1 0 0 0 0 0
195 5 1 1 0 0 0 0 0 0
fl=./elf/../sysdeps/generic/dl-call_tls_init_tp.h
fn=init_tls
31 8 1 1 0 0 0 2 0 0
33 1 0 0 0 0 0 1 0 0
fl=./elf/../sysdeps/generic/dl-debug.h
fn=dl_main
29 4 0 0 2 0 0 0 0 0
30 1 0 0 0 0 0 1 0 0
fl=./elf/../sysdeps/generic/dl-new-hash.h
fn=_dl_lookup_symbol_x
69 1897 1 1 0 0 0 0 0 0
70 3794 0 0 0 0 0 0 0 0
74 41091 0 0 41091 1443 1214 0 0 0
77 82182 0 0 0 0 0 0 0 0
80 40138 0 0 40138 499 446 0 0 0
81 80276 0 0 0 0 0 0 0 0
87 944 1 1 0 0 0 0 0 0
88 944 0 0 0 0 0 0 0 0
89 1888 0 0 0 0 0 0 0 0
90 944 0 0 0 0 0 0 0 0
99 39194 0 0 0 0 0 0 0 0
101 39194 0 0 0 0 0 0 0 0
102 78388 0 0 0 0 0 0 0 0
104 39194 0 0 0 0 0 0 0 0
105 39194 0 0 0 0 0 0 0 0
fl=./elf/../sysdeps/generic/dl-protected.h
fn=do_lookup_x
29 7556 0 0 1897 0 0 1897 0 0
fl=./elf/../sysdeps/generic/ldsodefs.h
fn=_dl_lookup_map
96 129 1 1 43 0 0 0 0 0
99 110 0 0 66 0 0 0 0 0
100 44 0 0 22 0 0 0 0 0
fn=_dl_map_object_from_fd
96 18 2 2 10 0 0 0 0 0
99 12 0 0 3 0 0 0 0 0
100 6 0 0 3 0 0 0 0 0
fn=_dl_relocate_object_no_relro
79 41 1 1 16 0 0 0 0 0
152 10299 0 0 3433 0 0 0 0 0
fn=_dl_start
79 6 1 1 3 0 0 0 0 0
fn=dl_main
79 2 0 0 1 0 0 1 0 0
96 7 2 2 3 0 0 0 0 0
99 4 0 0 3 0 0 0 0 0
100 1 0 0 1 0 0 0 0 0
fn=do_lookup_x
151 3762 1 1 1881 0 0 0 0 0
152 5643 0 0 0 0 0 0 0 0
fl=./elf/../sysdeps/nptl/dl-mutex.c
fn=__rtld_mutex_init
30 5 1 0 0 0 0 3 0 0
37 1 0 0 1 0 0 0 0 0
40 6 1 1 0 0 0 1 0 0
44 2 0 0 0 0 0 0 0 0
45 10 1 1 3 0 0 1 0 0
47 7 0 0 0 0 0 1 0 0
51 2 0 0 0 0 0 0 0 0
52 7 1 1 3 0 0 1 0 0
53 4 0 0 4 0 0 0 0 0
fl=./elf/../sysdeps/nptl/dl-tls_init_tp.c
fn=__tls_init_tp
69 4 1 1 0 0 0 1 0 0
70 1 0 0 1 0 0 0 0 0
73 1 0 0 0 0 0 0 0 0
76 4 0 0 0 0 0 1 0 0
77 2 0 0 0 0 0 1 0 0
78 1 1 1 0 0 0 1 0 0
79 1 0 0 0 0 0 1 0 0
84 2 0 0 1 0 0 1 0 0
89 4 0 0 0 0 0 1 0 0
92 1 0 0 0 0 0 1 0 0
95 3 0 0 0 0 0 0 0 0
111 4 1 1 0 0 0 1 0 0
113 1 0 0 0 0 0 1 0 0
119 2 0 0 1 0 0 1 0 0
120 2 0 0 2 0 0 0 0 0
fn=__tls_pre_init_tp
54 4 2 2 0 0 0 0 0 0
57 9 0 0 0 0 0 3 1 1
62 2 0 0 0 0 0 1 0 0
63 1 0 0 0 0 0 1 0 0
65 1 0 0 1 0 0 0 0 0
fn=rtld_mutex_dummy
43 178 0 0 0 0 0 0 0 0
45 356 0 0 178 0 0 0 0 0
fl=./elf/../sysdeps/nptl/pthread_early_init.h
fn=__libc_early_init
33 6 0 0 0 0 0 1 0 0
34 1 0 0 1 0 0 0 0 0
38 5 1 1 0 0 0 0 0 0
45 2 0 0 2 0 0 0 0 0
46 1 0 0 0 0 0 0 0 0
48 2 1 1 0 0 0 0 0 0
52 5 0 0 0 0 0 1 0 0
53 1 0 0 0 0 0 1 1 1
54 1 0 0 0 0 0 1 1 1
56 1 0 0 0 0 0 1 0 0
fl=./elf/../sysdeps/posix/dl-fileid.h
fn=_dl_map_object_from_fd
37 20 0 0 0 0 0 5 1 1
40 10 0 0 5 1 1 5 0 0
41 10 1 1 5 0 0 5 0 0
49 60 0 0 30 1 1 0 0 0
fl=./elf/../sysdeps/unix/sysv/linux/brk.c
fn=brk
36 1 1 1 0 0 0 0 0 0
37 1 0 0 0 0 0 1 1 1
38 2 0 0 0 0 0 0 0 0
44 1 0 0 0 0 0 0 0 0
45 1 0 0 1 0 0 0 0 0
fl=./elf/../sysdeps/unix/sysv/linux/brk_call.h
fn=brk
24 2 0 0 0 0 0 0 0 0
fl=./elf/../sysdeps/unix/sysv/linux/dl-extra_tls.h
fn=_dl_determine_tlsoffset
32 4 1 1 0 0 0 1 0 0
33 3 0 0 1 0 0 0 0 0
37 10 1 1 2 0 0 0 0 0
44 1 0 0 0 0 0 0 0 0
51 4 0 0 0 0 0 1 0 0
52 3 0 0 1 0 0 0 0 0
54 1 1 1 1 0 0 0 0 0
fl=./elf/../sysdeps/unix/sysv/linux/dl-osinfo.h
fn=dl_main
39 2 0 0 1 1 0 0 0 0
52 1 0 0 1 0 0 0 0 0
fl=./elf/../sysdeps/unix/sysv/linux/dl-parse_auxv.h
fn=_dl_sysdep_parse_arguments
33 2 0 0 0 0 0 1 0 0
34 1 1 1 0 0 0 1 0 0
35 1 0 0 0 0 0 1 0 0
42 92 1 1 23 6 6 0 0 0
43 44 0 0 0 0 0 0 0 0
44 44 0 0 22 0 0 22 0 0
46 1 0 0 0 0 0 1 0 0
47 2 1 1 1 0 0 1 0 0
48 2 0 0 1 0 0 1 1 1
49 2 0 0 1 0 0 1 0 0
50 2 0 0 1 0 0 1 0 0
51 2 0 0 1 0 0 1 0 0
52 2 1 1 1 0 0 1 0 0
53 2 0 0 1 0 0 1 0 0
54 3 0 0 2 0 0 1 0 0
55 4 0 0 2 0 0 2 0 0
57 4 1 1 2 0 0 2 1 1
65 5 0 0 1 0 0 1 0 0
67 6 1 1 2 0 0 1 1 1
fl=./elf/../sysdeps/unix/sysv/linux/dl-sysdep.c
fn=_dl_sysdep_parse_arguments
78 8 1 1 0 0 0 6 0 0
79 2 0 0 1 0 0 1 0 0
80 2 0 0 0 0 0 1 0 0
81 3 0 0 0 0 0 1 1 1
82 58 1 1 0 0 0 0 0 0
83 119 0 0 59 8 8 0 0 0
86 2 0 0 0 0 0 1 1 1
90 56 0 0 0 0 0 52 7 7
93 2 0 0 1 0 0 1 0 0
94 4 0 0 2 0 0 2 0 0
95 2 0 0 1 0 0 1 0 0
96 8 0 0 7 0 0 0 0 0
fn=_dl_sysdep_start
102 6 1 1 0 0 0 2 0 0
103 1 0 0 0 0 0 1 0 0
106 2 0 0 0 0 0 1 1 1
110 2 0 0 1 0 0 1 0 0
113 1 0 0 0 0 0 1 0 0
115 2 0 0 0 0 0 1 0 0
122 3 1 1 1 0 0 0 0 0
123 2 0 0 0 0 0 2 0 0
125 5 0 0 0 0 0 1 0 0
137 3 0 0 1 0 0 0 0 0
140 5 1 1 3 0 0 1 0 0
143 4 1 0 4 1 0 0 0 0
fn=_dl_sysdep_start_cleanup
147 1 1 1 0 0 0 0 0 0
148 1 0 0 1 0 0 0 0 0
fl=./elf/../sysdeps/unix/sysv/linux/dl-vdso-setup.h
fn=dl_main
30 1 0 0 0 0 0 1 0 0
33 1 0 0 0 0 0 1 0 0
36 1 0 0 0 0 0 1 0 0
39 1 0 0 0 0 0 1 0 0
45 1 0 0 0 0 0 1 0 0
54 1 0 0 0 0 0 1 0 0
fl=./elf/../sysdeps/unix/sysv/linux/dl-vdso.h
fn=dl_main
40 2 1 1 1 0 0 0 0 0
41 5 1 1 0 0 0 2 0 0
55 2 1 1 0 0 0 0 0 0
fl=./elf/../sysdeps/unix/sysv/linux/rseq-internal.h
fn=__tls_init_tp
93 4 0 0 2 0 0 1 0 0
100 3 0 0 1 0 0 0 0 0
108 4 1 1 1 0 0 0 0 0
112 5 0 0 0 0 0 2 0 0
116 2 1 1 1 0 0 1 0 0
118 5 0 0 1 0 0 0 0 0
119 2 0 0 0 0 0 0 0 0
124 1 0 0 0 0 0 1 0 0
fl=./elf/../sysdeps/unix/sysv/linux/x86/dl-hwcap2.h
fn=update_active.constprop.0
25 2 0 0 1 0 0 0 0 0
fl=./elf/../sysdeps/unix/sysv/linux/x86/dl-minsigstacksize.h
fn=get_common_indices.constprop.0
24 2 1 1 1 0 0 0 0 0
27 2 0 0 1 0 0 0 0 0
28 2 0 0 1 0 0 0 0 0
65 3 0 0 0 0 0 0 0 0
74 2 1 1 0 0 0 1 0 0
fl=./elf/../sysdeps/x86/cpu-features.c
fn=get_common_indices.constprop.0
431 3 1 1 0 0 0 2 0 0
435 4 0 0 0 0 0 0 0 0
438 5 0 0 0 0 0 3 1 1
442 1 0 0 0 0 0 1 0 0
443 4 1 1 0 0 0 1 0 0
444 4 0 0 0 0 0 1 0 0
445 4 0 0 0 0 0 1 0 0
446 3 0 0 0 0 0 1 0 0
447 2 1 1 1 0 0 0 0 0
454 2 0 0 1 0 0 0 0 0
456 7 0 0 0 0 0 4 0 0
461 7 0 0 0 0 0 4 1 1
468 2 1 1 1 0 0 0 0 0
469 7 1 1 0 0 0 4 1 1
475 2 0 0 1 0 0 0 0 0
490 3 0 0 3 0 0 0 0 0
fn=init_cpu_features.constprop.0
409 3 0 0 0 0 0 0 0 0
410 2 0 0 0 0 0 0 0 0
411 6 1 1 0 0 0 4 0 0
416 2 0 0 0 0 0 0 0 0
417 6 0 0 0 0 0 4 1 1
422 2 1 1 0 0 0 0 0 0
423 8 0 0 0 0 0 4 0 0
565 4 1 1 1 1 1 0 0 0
728 8 1 1 0 0 0 6 0 0
731 1 0 0 0 0 0 1 0 0
732 1 0 0 0 0 0 1 0 0
733 1 0 0 0 0 0 1 0 0
740 1 1 1 1 1 1 0 0 0
742 1 0 0 0 0 0 1 1 1
751 3 0 0 0 0 0 1 0 0
754 6 1 1 0 0 0 0 0 0
755 1 1 1 0 0 0 0 0 0
758 1 0 0 0 0 0 0 0 0
760 6 0 0 0 0 0 1 0 0
765 1 0 0 0 0 0 1 0 0
769 1 0 0 1 0 0 0 0 0
770 3 0 0 0 0 0 1 0 0
773 3 0 0 1 0 0 0 0 0
775 4 1 1 2 0 0 1 0 0
781 5 0 0 0 0 0 0 0 0
788 1 0 0 1 0 0 0 0 0
809 1 0 0 1 0 0 0 0 0
811 2 1 1 1 0 0 1 0 0
818 2 1 1 0 0 0 0 0 0
821 2 0 0 0 0 0 1 0 0
901 2 1 1 1 0 0 0 0 0
908 2 0 0 0 0 0 1 0 0
926 1 0 0 0 0 0 1 0 0
927 2 0 0 0 0 0 0 0 0
968 2 0 0 1 0 0 0 0 0
975 2 0 0 1 0 0 0 0 0
977 2 0 0 0 0 0 1 0 0
981 2 0 0 0 0 0 0 0 0
987 2 1 1 1 0 0 0 0 0
1148 3 1 1 1 0 0 0 0 0
1149 2 0 0 0 0 0 1 0 0
1152 2 0 0 0 0 0 0 0 0
1153 2 0 0 0 0 0 1 0 0
1156 4 0 0 0 0 0 0 0 0
1163 1 0 0 0 0 0 1 0 0
1164 1 0 0 0 0 0 1 0 0
1165 1 1 1 0 0 0 1 0 0
1166 1 0 0 0 0 0 1 0 0
1170 4 0 0 0 0 0 1 0 0
1173 4 1 1 0 0 0 1 0 0
1182 3 0 0 1 0 0 0 0 0
1186 1 0 0 1 0 0 0 0 0
1195 2 0 0 0 0 0 0 0 0
1196 3 0 0 0 0 0 0 0 0
1236 1 0 0 0 0 0 1 0 0
1237 2 1 1 1 0 0 0 0 0
1241 3 1 1 1 0 0 0 0 0
1258 3 1 1 0 0 0 0 0 0
1259 3 1 1 0 0 0 0 0 0
1262 2 0 0 1 0 0 0 0 0
1265 1 0 0 0 0 0 0 0 0
1268 2 0 0 0 0 0 1 0 0
1282 4 0 0 0 0 0 1 0 0
1284 4 1 1 0 0 0 1 0 0
1288 2 0 0 1 0 0 0 0 0
1291 4 0 0 1 0 0 0 0 0
1294 1 0 0 0 0 0 1 1 1
1297 1 0 0 0 0 0 1 0 0
1329 4 0 0 0 0 0 1 0 0
1336 8 0 0 7 0 0 0 0 0
fn=update_active.constprop.0
90 7 1 1 0 0 0 6 0 0
94 1 1 1 1 0 0 0 0 0
102 3 0 0 1 0 0 0 0 0
103 3 0 0 0 0 0 0 0 0
104 2 0 0 1 0 0 1 0 0
112 3 0 0 1 0 0 1 0 0
113 1 0 0 1 0 0 0 0 0
121 4 0 0 1 0 0 1 0 0
122 1 0 0 1 0 0 0 0 0
127 4 1 1 0 0 0 1 0 0
130 5 1 1 1 0 0 1 0 0
131 1 0 0 1 0 0 0 0 0
134 5 0 0 1 0 0 2 0 0
135 2 0 0 1 0 0 1 0 0
139 5 1 1 1 0 0 1 0 0
140 3 0 0 2 0 0 0 0 0
141 3 1 1 2 0 0 0 0 0
142 2 0 0 1 0 0 1 0 0
146 5 0 0 1 0 0 1 0 0
147 5 0 0 2 0 0 1 0 0
148 3 0 0 2 1 1 0 0 0
150 2 1 1 0 0 0 0 0 0
151 4 0 0 0 0 0 1 0 0
165 2 0 0 0 0 0 0 0 0
169 6 1 1 0 0 0 3 0 0
170 4 0 0 0 0 0 2 0 0
172 3 0 0 0 0 0 0 0 0
176 4 1 1 0 0 0 1 0 0
182 2 0 0 0 0 0 0 0 0
184 2 0 0 0 0 0 1 0 0
188 1 0 0 0 0 0 0 0 0
189 1 1 1 1 0 0 0 0 0
196 4 0 0 1 0 0 1 0 0
198 4 1 1 1 0 0 1 0 0
204 4 0 0 0 0 0 1 0 0
206 4 1 1 1 0 0 1 0 0
208 6 0 0 0 0 0 2 0 0
213 5 0 0 1 0 0 1 0 0
262 2 0 0 0 0 0 0 0 0
263 3 0 0 1 0 0 0 0 0
279 4 1 1 1 0 0 0 0 0
295 2 0 0 1 0 0 0 0 0
299 2 0 0 0 0 0 1 0 0
300 1 1 1 1 0 0 0 0 0
303 4 0 0 1 0 0 1 0 0
307 2 0 0 0 0 0 0 0 0
311 3 1 1 0 0 0 0 0 0
312 2 0 0 0 0 0 0 0 0
316 1 0 0 0 0 0 0 0 0
317 1 0 0 0 0 0 0 0 0
320 2 0 0 0 0 0 1 0 0
322 1 1 1 0 0 0 1 0 0
323 1 0 0 0 0 0 1 1 1
326 2 0 0 0 0 0 0 0 0
389 2 0 0 0 0 0 0 0 0
393 3 1 1 1 0 0 0 0 0
402 1 0 0 0 0 0 1 0 0
403 7 0 0 7 0 0 0 0 0
fl=./elf/../sysdeps/x86/dl-cacheinfo.h
fn=get_common_cache_info.constprop.0
624 11 1 1 0 0 0 6 0 0
639 1 0 0 1 0 0 0 0 0
642 1 0 0 1 0 0 0 0 0
643 1 0 0 1 0 0 0 0 0
649 1 0 0 0 0 0 1 0 0
651 13 1 1 4 0 0 2 0 0
654 2 0 0 0 0 0 0 0 0
666 1 0 0 0 0 0 1 0 0
671 4 1 1 1 0 0 0 0 0
675 2 0 0 0 0 0 0 0 0
680 1 0 0 0 0 0 0 0 0
683 16 1 1 0 0 0 1 0 0
690 8 0 0 0 0 0 0 0 0
693 26 1 1 0 0 0 0 0 0
698 2 0 0 0 0 0 0 0 0
702 3 0 0 0 0 0 0 0 0
703 2 0 0 0 0 0 0 0 0
707 2 0 0 0 0 0 0 0 0
711 3 0 0 0 0 0 1 0 0
714 4 0 0 0 0 0 1 0 0
715 1 0 0 0 0 0 0 0 0
720 4 0 0 0 0 0 0 0 0
726 4 1 1 0 0 0 0 0 0
730 3 0 0 1 0 0 0 0 0
734 7 0 0 1 0 0 0 0 0
736 3 0 0 1 0 0 0 0 0
738 4 0 0 0 0 0 0 0 0
740 7 1 1 0 0 0 0 0 0
742 2 0 0 0 0 0 0 0 0
744 8 0 0 0 0 0 0 0 0
746 4 0 0 0 0 0 0 0 0
749 2 0 0 0 0 0 0 0 0
754 1 0 0 0 0 0 0 0 0
756 4 1 1 0 0 0 0 0 0
757 3 0 0 0 0 0 0 0 0
758 1 0 0 0 0 0 0 0 0
761 2 0 0 0 0 0 0 0 0
764 2 1 1 0 0 0 0 0 0
771 1 0 0 1 0 0 0 0 0
773 4 0 0 0 0 0 0 0 0
774 2 1 1 0 0 0 1 0 0
779 2 0 0 0 0 0 0 0 0
784 2 0 0 0 0 0 0 0 0
785 1 0 0 0 0 0 0 0 0
786 3 0 0 1 0 0 0 0 0
787 1 0 0 1 0 0 0 0 0
812 3 1 1 1 0 0 0 0 0
823 4 0 0 0 0 0 0 0 0
824 5 1 1 0 0 0 0 0 0
828 2 0 0 1 0 0 0 0 0
835 1 0 0 0 0 0 1 0 0
836 1 0 0 0 0 0 1 0 0
837 1 0 0 0 0 0 1 0 0
838 7 0 0 7 0 0 0 0 0
fn=handle_intel.constprop.0
261 108 0 0 0 0 0 72 0 0
266 24 1 1 12 0 0 0 0 0
272 12 0 0 0 0 0 12 0 0
278 48 0 0 0 0 0 12 0 0
282 24 0 0 0 0 0 0 0 0
287 24 1 1 0 0 0 0 0 0
290 36 0 0 0 0 0 12 0 0
292 24 0 0 0 0 0 0 0 0
295 60 1 1 0 0 0 12 0 0
297 24 0 0 0 0 0 0 0 0
316 96 0 0 84 0 0 0 0 0
fn=init_cpu_features.constprop.0
861 2 0 0 0 0 0 0 0 0
863 4 1 1 0 0 0 3 0 0
864 3 0 0 0 0 0 2 0 0
865 2 1 1 0 0 0 2 0 0
868 3 0 0 0 0 0 2 0 0
870 3 0 0 0 0 0 2 0 0
871 2 0 0 1 0 0 1 0 0
873 3 1 1 0 0 0 2 0 0
875 3 0 0 0 0 0 2 0 0
877 3 0 0 0 0 0 2 0 0
879 3 0 0 0 0 0 2 0 0
881 3 0 0 0 0 0 2 0 0
882 2 1 1 1 0 0 1 0 0
884 3 0 0 0 0 0 2 0 0
886 3 0 0 0 0 0 2 0 0
888 3 0 0 0 0 0 2 0 0
890 6 1 1 1 0 0 2 0 0
964 2 1 1 1 0 0 1 1 1
965 2 0 0 1 0 0 1 0 0
966 2 0 0 1 0 0 1 0 0
967 2 0 0 1 0 0 1 0 0
968 2 1 1 1 0 0 1 0 0
969 1 0 0 0 0 0 1 0 0
970 1 0 0 0 0 0 1 0 0
971 2 0 0 1 0 0 1 0 0
972 1 0 0 0 0 0 1 0 0
973 2 1 1 1 0 0 1 0 0
974 1 0 0 0 0 0 1 0 0
975 1 0 0 0 0 0 1 0 0
980 3 0 0 0 0 0 0 0 0
994 3 0 0 1 0 0 0 0 0
995 7 1 1 5 0 0 2 0 0
1000 2 0 0 0 0 0 0 0 0
1001 7 0 0 3 0 0 0 0 0
1002 2 0 0 0 0 0 0 0 0
1010 6 0 0 0 0 0 1 0 0
1011 2 0 0 0 0 0 0 0 0
1031 6 1 1 0 0 0 0 0 0
1040 2 0 0 0 0 0 0 0 0
1041 2 0 0 0 0 0 0 0 0
1046 3 1 1 0 0 0 1 0 0
1049 1 0 0 0 0 0 0 0 0
1050 2 1 1 0 0 0 1 0 0
1060 3 1 1 1 0 0 0 0 0
1066 3 0 0 0 0 0 1 0 0
1073 5 0 0 1 0 0 1 0 0
1075 1 0 0 0 0 0 0 0 0
1076 5 1 1 2 0 0 2 0 0
1078 5 0 0 1 0 0 1 0 0
1080 1 0 0 0 0 0 0 0 0
1086 3 1 1 1 0 0 0 0 0
1090 5 0 0 1 0 0 1 0 0
1091 3 0 0 0 0 0 0 0 0
1095 5 0 0 1 0 0 1 0 0
1096 3 0 0 0 0 0 0 0 0
1100 5 1 1 1 0 0 1 0 0
1101 1 0 0 1 0 0 0 0 0
1107 6 1 1 1 0 0 2 0 0
1109 2 0 0 1 0 0 0 0 0
1133 12 0 0 1 0 0 7 0 0
1139 3 1 1 2 0 0 0 0 0
1142 9 0 0 1 0 0 5 0 0
1144 10 1 1 2 0 0 5 0 0
1145 10 1 1 2 0 0 5 0 0
1146 13 2 2 1 0 0 6 0 0
1149 12 1 1 2 0 0 5 0 0
1157 2 0 0 1 0 0 1 0 0
1158 7 1 1 3 0 0 3 0 0
1159 2 0 0 1 0 0 1 0 0
1160 2 0 0 1 0 0 1 0 0
1161 1 0 0 0 0 0 1 0 0
1162 2 0 0 1 0 0 1 0 0
1163 1 0 0 0 0 0 1 0 0
fn=intel_check_word.constprop.0
120 648 0 0 324 6 6 0 0 0
123 324 0 0 0 0 0 0 0 0
129 192 1 1 0 0 0 120 0 0
133 48 1 1 0 0 0 0 0 0
135 12 0 0 0 0 0 0 0 0
139 168 0 0 0 0 0 0 0 0
141 144 0 0 0 0 0 0 0 0
143 60 0 0 0 0 0 0 0 0
145 180 2 2 0 0 0 0 0 0
153 120 1 1 0 0 0 0 0 0
162 24 1 1 0 0 0 0 0 0
165 99 1 1 0 0 0 0 0 0
168 123 0 0 0 0 0 0 0 0
172 58 0 0 0 0 0 0 0 0
174 189 0 0 0 0 0 0 0 0
177 98 0 0 0 0 0 0 0 0
178 90 0 0 0 0 0 0 0 0
179 78 0 0 0 0 0 0 0 0
180 66 1 1 0 0 0 0 0 0
182 11 1 1 0 0 0 0 0 0
184 22 0 0 0 0 0 0 0 0
186 12 1 1 0 0 0 0 0 0
187 16 0 0 0 0 0 0 0 0
188 12 0 0 0 0 0 0 0 0
189 20 0 0 0 0 0 0 0 0
190 14 0 0 0 0 0 0 0 0
191 9 0 0 0 0 0 0 0 0
193 8 1 1 0 0 0 0 0 0
194 12 0 0 0 0 0 0 0 0
197 21 0 0 0 0 0 0 0 0
200 2 0 0 0 0 0 0 0 0
204 192 0 0 0 0 0 0 0 0
212 120 0 0 48 0 0 0 0 0
219 24 0 0 0 0 0 0 0 0
226 168 1 1 0 0 0 0 0 0
257 144 0 0 144 0 0 0 0 0
fl=./elf/../sysdeps/x86/dl-get-cpu-features.c
fn=__x86_cpu_features
39 3 0 0 1 0 0 0 0 0
76 3 1 1 1 0 0 0 0 0
fn=_dl_x86_init_cpu_features
37 1 1 1 0 0 0 0 0 0
39 3 0 0 1 0 0 0 0 0
41 1 0 0 0 0 0 0 0 0
fl=./elf/../sysdeps/x86/dl-isa-level.h
fn=_dl_load_cache_lookup
28 24 0 0 8 0 0 8 0 0
fl=./elf/../sysdeps/x86/dl-prop.h
fn=_dl_map_object_from_fd
149 30 0 0 15 0 0 0 0 0
fn=_dl_process_pt_gnu_property
95 36 0 0 0 0 0 0 0 0
102 18 0 0 0 0 0 0 0 0
115 18 0 0 0 0 0 0 0 0
118 9 0 0 9 2 2 0 0 0
252 6 0 0 0 0 0 0 0 0
253 3 0 0 0 0 0 3 0 0
254 12 1 1 0 0 0 0 0 0
255 6 0 0 0 0 0 6 0 0
257 36 2 2 9 0 0 9 0 0
260 12 0 0 6 0 0 0 0 0
fn=dl_main
36 2 0 0 2 0 0 0 0 0
37 18 0 0 1 0 0 0 0 0
40 7 0 0 7 0 0 0 0 0
49 40 0 0 13 0 0 0 0 0
53 35 1 1 9 0 0 0 0 0
71 3 1 1 1 0 0 1 0 0
149 6 1 1 3 0 0 0 0 0
fl=./elf/../sysdeps/x86/get-isa-level.h
fn=_dl_hwcaps_subdirs_active
31 4 0 0 1 0 0 0 0 0
32 3 1 1 1 0 0 0 0 0
39 5 0 0 1 0 0 0 0 0
40 4 0 0 1 0 0 0 0 0
48 3 0 0 0 0 0 0 0 0
51 4 1 1 1 0 0 0 0 0
54 2 0 0 0 0 0 0 0 0
fn=update_active.constprop.0
28 1 0 0 0 0 0 0 0 0
30 1 0 0 1 0 0 0 0 0
31 3 0 0 0 0 0 0 0 0
32 3 1 1 1 0 0 0 0 0
39 4 0 0 0 0 0 0 0 0
40 3 0 0 1 0 0 0 0 0
47 1 0 0 0 0 0 0 0 0
48 3 1 1 0 0 0 0 0 0
51 4 0 0 1 0 0 0 0 0
54 2 0 0 0 0 0 0 0 0
63 5 0 0 0 0 0 0 0 0
fl=./elf/../sysdeps/x86_64/dl-cet.c
fn=_dl_cet_check
145 2 0 0 1 1 0 0 0 0
150 1 0 0 0 0 0 0 0 0
157 3 0 0 1 1 0 0 0 0
174 2 0 0 0 0 0 0 0 0
179 1 0 0 0 0 0 1 0 0
275 2 0 0 0 0 0 0 0 0
276 1 0 0 0 0 0 1 0 0
277 2 0 0 1 0 0 0 0 0
282 4 0 0 1 0 0 1 0 0
283 3 0 0 0 0 0 1 0 0
285 1 1 1 0 0 0 1 0 0
288 2 0 0 0 0 0 0 0 0
293 2 0 0 0 0 0 0 0 0
296 1 0 0 0 0 0 1 0 0
300 2 0 0 0 0 0 0 0 0
302 2 1 1 0 0 0 0 0 0
303 2 0 0 0 0 0 0 0 0
304 1 0 0 0 0 0 0 0 0
305 2 0 0 0 0 0 0 0 0
313 2 1 1 0 0 0 0 0 0
361 5 1 1 0 0 0 1 0 0
363 2 0 0 2 0 0 0 0 0
fn=_dl_cet_setup_features
331 1 1 1 0 0 0 0 0 0
334 2 0 0 0 0 0 0 0 0
350 1 1 1 1 0 0 0 0 0
fl=./elf/../sysdeps/x86_64/dl-hwcaps-subdirs.c
fn=_dl_hwcaps_subdirs_active
29 1 1 1 0 0 0 0 0 0
38 2 0 0 0 0 0 0 0 0
43 1 0 0 0 0 0 0 0 0
51 5 0 0 0 0 0 0 0 0
52 2 0 0 1 0 0 0 0 0
fl=./elf/../sysdeps/x86_64/dl-irel.h
fn=_dl_fixup
32 5 0 0 0 0 0 5 0 0
fl=./elf/../sysdeps/x86_64/dl-machine.h
fn=_dl_fixup
223 82 1 1 0 0 0 82 0 0
fn=_dl_relocate_object_no_relro
78 16 0 0 4 0 0 0 0 0
84 8 0 0 6 2 0 0 0 0
88 6 0 0 2 2 2 0 0 0
94 2 0 0 0 0 0 2 0 0
103 4 0 0 0 0 0 0 0 0
126 4 0 0 2 1 0 2 0 0
262 6898 0 0 0 0 0 0 0 0
269 6898 1 1 0 0 0 0 0 0
273 6898 0 0 0 0 0 0 0 0
282 34724 3 3 13880 5 1 0 0 0
285 4 0 0 0 0 0 4 0 0
286 13896 2 2 0 0 0 0 0 0
290 4 1 1 0 0 0 0 0 0
291 6 0 0 2 0 0 0 0 0
302 1621 1 1 0 0 0 0 0 0
309 10 1 1 4 0 0 2 0 0
312 20694 0 0 3449 8 3 0 0 0
315 42 0 0 0 0 0 42 0 0
318 42 0 0 0 0 0 0 0 0
341 8 1 1 0 0 0 0 0 0
342 12 0 0 8 2 0 4 3 1
347 6 0 0 2 0 0 0 0 0
349 4 0 0 4 0 0 0 0 0
358 4 0 0 2 0 0 2 0 0
395 48 1 1 16 0 0 0 0 0
397 64 0 0 16 1 0 0 0 0
401 48 1 1 32 2 2 0 0 0
410 32 0 0 16 0 0 16 5 5
418 9632 1 1 6206 349 349 3426 1184 425
455 3 1 1 1 0 0 0 0 0
459 4 0 0 1 0 0 2 0 0
460 4 1 1 2 0 0 0 0 0
461 5 0 0 3 0 0 0 0 0
462 2 0 0 0 0 0 0 0 0
471 164 0 0 164 0 0 0 0 0
473 82 0 0 0 0 0 82 0 0
474 82 0 0 0 0 0 82 3 1
493 5832 0 0 1944 490 487 0 0 0
498 3888 0 0 0 0 0 0 0 0
499 7776 0 0 3888 242 242 1944 523 516
509 2254 0 0 1127 0 0 0 0 0
513 2254 0 0 0 0 0 0 0 0
516 3381 0 0 1127 0 0 0 0 0
517 1127 0 0 1127 141 141 0 0 0
725 42 1 1 21 0 0 0 0 0
729 8 0 0 4 0 0 0 0 0
fn=_dl_start
55 2 1 1 0 0 0 0 0 0
273 3 0 0 0 0 0 0 0 0
282 10 1 1 4 1 1 0 0 0
286 4 0 0 0 0 0 0 0 0
312 4 0 0 0 0 0 0 0 0
fn=_dl_sysdep_start
209 1 0 0 0 0 0 1 0 0
fl=./elf/../sysdeps/x86_64/dl-runtime.h
fn=_dl_fixup
28 82 0 0 0 0 0 0 0 0
fl=./elf/../sysdeps/x86_64/dl-trampoline.h
fn=_dl_runtime_resolve_xsave
39 82 2 2 0 0 0 0 0 0
44 82 0 0 0 0 0 82 0 0
47 82 0 0 0 0 0 0 0 0
49 82 0 0 0 0 0 0 0 0
59 82 1 1 82 5 2 0 0 0
65 82 0 0 0 0 0 82 4 2
66 82 0 0 0 0 0 82 0 0
67 82 0 0 0 0 0 82 0 0
68 82 0 0 0 0 0 82 0 0
69 82 0 0 0 0 0 82 0 0
70 82 0 0 0 0 0 82 0 0
71 82 0 0 0 0 0 82 0 0
75 82 0 0 0 0 0 0 0 0
76 82 0 0 0 0 0 0 0 0
79 82 0 0 0 0 0 82 3 2
80 82 0 0 0 0 0 82 0 0
82 82 1 1 0 0 0 82 0 0
83 82 0 0 0 0 0 82 0 0
84 82 0 0 0 0 0 82 0 0
85 82 0 0 0 0 0 82 0 0
86 82 0 0 0 0 0 82 0 0
87 82 0 0 0 0 0 82 0 0
89 82 0 0 82 0 0 2706 40 21
96 82 0 0 82 0 0 0 0 0
97 82 0 0 82 0 0 0 0 0
98 82 0 0 0 0 0 82 4 2
99 82 1 1 0 0 0 0 0 0
104 82 0 0 0 0 0 0 0 0
105 82 0 0 0 0 0 0 0 0
106 82 0 0 2952 0 0 0 0 0
108 82 0 0 82 0 0 0 0 0
109 82 0 0 82 0 0 0 0 0
110 82 0 0 82 0 0 0 0 0
111 82 0 0 82 0 0 0 0 0
112 82 0 0 82 0 0 0 0 0
113 82 0 0 82 0 0 0 0 0
114 82 0 0 82 0 0 0 0 0
116 82 0 0 0 0 0 0 0 0
118 82 0 0 82 0 0 0 0 0
122 82 0 0 0 0 0 0 0 0
124 82 0 0 0 0 0 0 0 0
fl=./elf/../sysdeps/x86_64/tls_get_addr.S
fn=__tls_get_addr
29 2 1 1 0 0 0 0 0 0
30 2 0 0 2 0 0 0 0 0
31 2 1 1 2 1 1 0 0 0
33 2 0 0 2 1 1 0 0 0
34 2 0 0 0 0 0 0 0 0
35 2 0 0 2 1 1 0 0 0
38 2 0 0 0 0 0 0 0 0
39 2 0 0 2 0 0 0 0 0
43 2 0 0 0 0 0 0 0 0
44 2 0 0 0 0 0 0 0 0
45 2 0 0 2 0 0 0 0 0
46 2 0 0 2 0 0 0 0 0
fl=./elf/./dl-find_object.h
fn=_dl_find_object_from_map
103 14 0 0 0 0 0 0 0 0
105 14 1 1 7 4 0 7 2 1
106 14 0 0 7 0 0 7 1 1
107 7 0 0 0 0 0 7 0 0
115 14 0 0 0 0 0 7 2 2
116 14 0 0 0 0 0 7 0 0
121 28 1 1 14 6 0 0 0 0
122 284 0 0 0 0 0 0 0 0
124 436 0 0 90 72 0 0 0 0
127 21 0 0 14 4 0 7 0 0
132 7 1 1 0 0 0 0 0 0
143 14 0 0 0 0 0 0 0 0
148 7 0 0 7 0 0 0 0 0
149 7 0 0 7 0 0 0 0 0
fl=./elf/./dl-hwcaps.h
fn=_dl_important_hwcaps
43 14 1 1 0 0 0 6 0 0
45 6 0 0 0 0 0 6 0 0
46 1 0 0 0 0 0 0 0 0
77 8 0 0 3 0 0 5 0 0
78 8 0 0 3 0 0 5 0 0
79 5 0 0 0 0 0 0 0 0
fl=./elf/./dl-load.h
fn=_dl_map_object_from_fd
91 40 1 1 20 0 0 0 0 0
92 16 1 1 8 0 0 0 0 0
93 20 0 0 4 0 0 0 0 0
94 12 1 1 4 0 0 0 0 0
96 16 0 0 0 0 0 4 0 0
fl=./elf/./dl-main.h
fn=dl_main
109 5 1 1 4 0 0 1 0 0
fl=./elf/./dl-map-segments.h
fn=_dl_map_object_from_fd
29 15 0 0 5 0 0 0 0 0
30 40 0 0 20 0 0 5 0 0
82 5 0 0 5 0 0 0 0 0
102 5 1 1 0 0 0 5 0 0
103 10 0 0 0 0 0 0 0 0
106 15 0 0 5 0 0 5 0 0
107 10 0 0 0 0 0 5 0 0
109 10 0 0 5 0 0 0 0 0
126 5 1 1 5 0 0 0 0 0
136 80 0 0 20 0 0 0 0 0
138 60 0 0 30 0 0 0 0 0
140 135 1 1 60 0 0 15 0 0
141 15 0 0 0 0 0 0 0 0
150 80 0 0 40 0 0 0 0 0
156 10 0 0 5 0 0 0 0 0
157 5 0 0 0 0 0 0 0 0
158 15 0 0 5 0 0 0 0 0
159 10 0 0 0 0 0 0 0 0
161 15 0 0 0 0 0 0 0 0
166 10 1 1 0 0 0 0 0 0
169 15 0 0 5 0 0 0 0 0
177 45 0 0 10 0 0 15 0 0
183 10 0 0 0 0 0 0 0 0
186 14 0 0 2 0 0 10 0 0
189 18 2 2 2 0 0 4 0 0
192 4 0 0 0 0 0 0 0 0
194 6 1 1 0 0 0 2 0 0
224 20 1 1 0 0 0 0 0 0
fl=./elf/./dl-sym-post.h
fn=lookup_malloc_symbol
41 8 0 0 0 0 0 0 0 0
53 12 0 0 4 0 0 0 0 0
fl=./elf/./dl-tls_block_align.h
fn=_dl_allocate_tls_storage
23 1 0 0 1 0 0 0 0 0
41 2 1 1 1 0 0 0 0 0
47 5 0 0 0 0 0 0 0 0
48 1 0 0 0 0 0 0 0 0
52 305 1 1 0 0 0 297 37 37
fl=./elf/./elf/dl-audit.c
fn=_dl_audit_activity_map
29 1 1 1 0 0 0 0 0 0
31 4 1 1 2 0 0 0 0 0
fn=_dl_audit_activity_nsid
41 3 2 1 0 0 0 0 0 0
45 9 0 0 3 1 0 0 0 0
46 3 2 2 3 1 1 0 0 0
47 15 0 0 3 0 0 0 0 0
fn=_dl_audit_objclose
97 7 1 1 0 0 0 0 0 0
98 28 0 0 14 0 0 0 0 0
fn=_dl_audit_objopen
77 5 1 1 0 0 0 0 0 0
78 20 0 0 10 0 0 0 0 0
fn=_dl_audit_preinit
118 1 1 1 0 0 0 0 0 0
119 4 0 0 2 1 0 0 0 0
fl=./elf/./elf/dl-cache.c
fn=_dl_cache_libcmp
340 78 1 1 0 0 0 0 0 0
341 463 0 0 39 0 0 0 0 0
343 824 0 0 0 0 0 0 0 0
345 420 1 1 206 36 36 0 0 0
351 12 0 0 0 0 0 0 0 0
352 8 0 0 0 0 0 0 0 0
353 183 0 0 171 0 0 0 0 0
355 16 1 1 4 0 0 0 0 0
357 8 1 1 0 0 0 0 0 0
363 404 0 0 0 0 0 0 0 0
365 404 0 0 0 0 0 0 0 0
366 105 0 0 35 0 0 0 0 0
369 167 0 0 0 0 0 0 0 0
370 167 0 0 0 0 0 0 0 0
373 12 0 0 8 0 0 0 0 0
fn=_dl_load_cache_lookup
186 35 0 0 0 0 0 0 0 0
199 8 0 0 0 0 0 0 0 0
206 74 0 0 4 0 0 0 0 0
208 175 1 1 0 0 0 0 0 0
209 70 0 0 35 29 29 0 0 0
213 70 0 0 0 0 0 0 0 0
217 105 0 0 35 0 0 35 0 0
218 70 0 0 0 0 0 0 0 0
226 20 0 0 0 0 0 0 0 0
228 4 0 0 4 1 1 0 0 0
231 8 0 0 0 0 0 0 0 0
233 24 0 0 0 0 0 4 0 0
235 28 1 1 4 0 0 8 0 0
245 8 1 1 4 0 0 0 0 0
255 12 0 0 8 0 0 0 0 0
256 16 0 0 4 0 0 0 0 0
272 20 1 1 0 0 0 0 0 0
281 8 0 0 4 0 0 0 0 0
286 8 0 0 0 0 0 0 0 0
313 8 0 0 0 0 0 4 0 0
329 31 0 0 0 0 0 0 0 0
330 12 1 1 0 0 0 0 0 0
332 19 0 0 0 0 0 0 0 0
386 40 1 1 0 0 0 28 1 1
388 8 0 0 4 0 0 0 0 0
391 12 1 1 4 0 0 0 0 0
394 5 1 1 0 0 0 1 0 0
402 5 1 1 1 0 0 0 0 0
403 8 1 1 3 1 1 0 0 0
406 7 0 0 0 0 0 0 0 0
407 1 0 0 1 0 0 0 0 0
414 1 1 1 0 0 0 1 0 0
415 2 0 0 0 0 0 1 0 0
460 9 0 0 3 0 0 0 0 0
465 12 0 0 4 0 0 0 0 0
468 8 0 0 0 0 0 4 0 0
483 8 1 1 4 0 0 0 0 0
495 12 0 0 4 0 0 4 0 0
496 60 1 1 4 0 0 0 0 0
497 16 0 0 4 0 0 4 0 0
498 4 0 0 0 0 0 4 0 0
499 60 1 1 36 0 0 4 0 0
fn=_dl_unload_cache
508 3 1 1 0 0 0 1 0 0
509 4 0 0 1 1 0 0 0 0
511 2 0 0 1 0 0 1 0 0
512 1 0 0 0 0 0 1 0 0
516 1 1 1 0 0 0 1 0 0
518 2 0 0 2 0 0 0 0 0
fl=./elf/./elf/dl-call-libc-early-init.c
fn=_dl_call_libc_early_init
27 6 1 1 0 0 0 2 0 0
29 2 0 0 0 0 0 0 0 0
33 7 0 0 0 0 0 2 0 0
37 3 1 1 1 0 0 0 0 0
39 4 0 0 3 0 0 0 0 0
40 2 0 0 0 0 0 0 0 0
41 2 0 0 2 0 0 0 0 0
fl=./elf/./elf/dl-call_fini.c
fn=_dl_call_fini
24 56 2 2 0 0 0 28 0 0
28 14 0 0 7 0 0 0 0 0
32 7 0 0 7 0 0 0 0 0
34 7 0 0 7 7 7 0 0 0
35 14 0 0 0 0 0 0 0 0
38 25 1 1 10 0 0 0 0 0
39 10 0 0 10 6 6 0 0 0
42 28 0 0 0 0 0 0 0 0
43 6 0 0 6 5 5 6 0 0
47 7 0 0 7 5 5 0 0 0
48 14 0 0 0 0 0 0 0 0
49 15 0 0 10 4 4 0 0 0
50 37 1 1 30 0 0 0 0 0
fl=./elf/./elf/dl-catch.c
fn=_dl_catch_error
258 10 1 1 0 0 0 4 0 0
260 5 1 1 0 0 0 1 0 0
261 2 0 0 1 0 0 1 0 0
262 2 0 0 1 0 0 1 0 0
263 2 0 0 1 0 0 1 0 0
265 7 0 0 5 0 0 0 0 0
fn=_dl_catch_exception
58 39 0 0 13 1 1 0 0 0
59 26 1 1 13 1 1 13 0 0
69 26 0 0 13 0 0 0 0 0
70 65 0 0 13 0 0 26 0 0
208 104 2 2 0 0 0 65 3 3
211 26 0 0 0 0 0 0 0 0
218 13 0 0 0 0 0 0 0 0
232 65 1 1 0 0 0 13 1 1
239 78 1 1 0 0 0 13 0 0
241 39 0 0 26 0 0 13 0 0
243 52 0 0 13 0 0 26 0 0
252 39 0 0 39 0 0 0 0 0
fn=_dl_receive_error
58 2 0 0 1 0 0 0 0 0
59 1 1 1 1 0 0 0 0 0
69 2 0 0 1 0 0 0 0 0
70 2 0 0 0 0 0 2 0 0
190 5 1 1 0 0 0 3 0 0
192 1 0 0 1 0 0 0 0 0
196 1 0 0 0 0 0 1 0 0
198 2 0 0 0 0 0 1 0 0
201 1 0 0 0 0 0 1 0 0
202 4 0 0 4 0 0 0 0 0
fl=./elf/./elf/dl-debug.c
fn=_dl_debug_change_state
104 2 2 1 0 0 0 0 0 0
105 2 0 0 0 0 0 2 0 0
107 12 0 0 2 0 0 0 0 0
111 2 0 0 0 0 0 0 0 0
fn=_dl_debug_initialize
76 2 0 0 0 0 0 0 0 0
120 2 1 1 0 0 0 0 0 0
122 2 0 0 1 1 1 0 0 0
127 3 0 0 0 0 0 1 0 0
128 2 1 1 0 0 0 1 0 0
154 1 0 0 0 0 0 1 0 0
157 2 0 0 1 0 0 0 0 0
160 2 1 1 1 0 0 1 0 0
162 3 0 0 1 0 0 0 0 0
169 2 0 0 1 0 0 0 0 0
fn=_dl_debug_post_relocate
46 4 2 2 0 0 0 1 0 0
51 1 0 0 0 0 0 1 0 0
52 10 0 0 1 0 0 3 0 0
54 5 0 0 4 0 0 0 0 0
56 7 1 1 3 0 0 0 0 0
57 3 0 0 0 0 0 0 0 0
70 2 0 0 2 0 0 0 0 0
fn=_dl_debug_update
76 12 0 0 0 0 0 0 0 0
77 6 0 0 0 0 0 0 0 0
94 6 2 1 0 0 0 0 0 0
96 12 0 0 6 1 0 0 0 0
100 6 0 0 6 0 0 0 0 0
fl=./elf/./elf/dl-debug_state.c
fn=_dl_debug_state
28 2 2 1 0 0 0 0 0 0
29 2 0 0 2 0 0 0 0 0
fl=./elf/./elf/dl-deps.c
fn=_dl_map_object_deps
128 2 0 0 0 0 0 2 1 1
129 5 1 1 0 0 0 2 0 0
130 6 0 0 0 0 0 1 0 0
132 3 0 0 0 0 0 1 0 0
136 8 1 1 2 0 0 2 0 0
143 14 2 2 0 0 0 8 1 1
144 20 2 2 1 1 1 0 0 0
160 9 0 0 0 0 0 0 0 0
161 1 0 0 1 0 0 0 0 0
164 1 0 0 0 0 0 1 0 0
182 1 1 1 1 0 0 0 0 0
183 5 0 0 3 0 0 0 0 0
184 1 0 0 0 0 0 1 0 0
186 1 0 0 0 0 0 0 0 0
188 15 0 0 7 0 0 1 0 0
190 27 1 1 0 0 0 15 0 0
193 7 0 0 0 0 0 7 0 0
197 21 0 0 7 1 0 0 0 0
198 46 2 2 20 0 0 0 0 0
201 15 0 0 0 0 0 0 0 0
205 10 0 0 5 0 0 0 0 0
208 22 0 0 11 3 1 0 0 0
210 20 1 1 15 0 0 0 0 0
215 5 1 1 0 0 0 5 0 0
216 5 0 0 0 0 0 5 1 1
217 10 0 0 5 0 0 5 0 0
218 10 0 0 5 0 0 5 0 0
219 5 0 0 0 0 0 5 0 0
221 636 0 0 169 12 0 0 0 0
222 298 0 0 0 0 0 0 0 0
228 123 2 2 24 0 0 17 0 0
230 12 0 0 0 0 0 12 0 0
232 51 2 2 0 0 0 15 0 0
233 24 0 0 12 0 0 0 0 0
242 12 1 1 12 0 0 0 0 0
244 24 0 0 12 0 0 0 0 0
249 35 0 0 5 0 0 0 0 0
252 5 0 0 0 0 0 5 0 0
253 5 0 0 0 0 0 5 0 0
254 5 0 0 0 0 0 5 0 0
255 10 0 0 5 0 0 5 0 0
256 5 0 0 0 0 0 5 0 0
257 5 1 1 5 0 0 0 0 0
259 20 0 0 5 0 0 5 0 0
263 36 1 1 12 0 0 0 0 0
264 27 0 0 0 0 0 9 1 1
266 411 1 1 0 0 0 0 0 0
417 14 1 1 0 0 0 0 0 0
419 20 0 0 0 0 0 10 0 0
422 15 0 0 0 0 0 5 0 0
423 15 1 1 5 0 0 0 0 0
429 5 0 0 0 0 0 5 2 2
430 15 0 0 0 0 0 5 0 0
431 30 0 0 5 0 0 5 0 0
434 5 0 0 0 0 0 5 0 0
435 5 0 0 5 0 0 0 0 0
439 21 1 1 7 0 0 0 0 0
441 7 0 0 7 0 0 0 0 0
442 32 0 0 6 0 0 0 0 0
448 5 1 1 1 0 0 0 0 0
449 1 0 0 0 0 0 1 0 0
452 4 1 1 1 0 0 1 0 0
463 5 0 0 1 0 0 2 0 0
465 4 0 0 2 0 0 0 0 0
470 5 0 0 2 0 0 1 0 0
471 1 0 0 0 0 0 1 0 0
472 2 0 0 0 0 0 0 0 0
474 24 1 1 7 0 0 0 0 0
478 7 1 1 7 0 0 0 0 0
484 14 0 0 0 0 0 0 0 0
485 20 0 0 0 0 0 7 1 1
490 7 0 0 7 0 0 0 0 0
494 2 1 1 0 0 0 0 0 0
495 3 0 0 1 0 0 0 0 0
532 2 1 1 0 0 0 0 0 0
533 2 0 0 0 0 0 0 0 0
547 9 0 0 2 0 0 3 0 0
548 1 0 0 0 0 0 0 0 0
552 9 0 0 1 0 0 2 0 0
553 3 2 2 2 0 0 1 0 0
557 1 0 0 0 0 0 1 0 0
559 2 1 1 1 0 0 1 0 0
560 1 0 0 1 0 0 0 0 0
561 3 0 0 1 0 0 0 0 0
568 3 0 0 1 0 0 0 0 0
571 2 0 0 0 0 0 0 0 0
574 8 0 0 7 1 0 0 0 0
fn=openaux
61 72 1 1 0 0 0 24 0 0
64 132 0 0 48 0 0 24 0 0
65 12 0 0 12 0 0 0 0 0
68 12 0 0 12 0 0 0 0 0
69 36 0 0 36 0 0 0 0 0
fl=./elf/./elf/dl-environ.c
fn=_dl_next_ld_env_entry
28 3 1 1 0 0 0 0 0 0
29 3 0 0 3 0 0 0 0 0
32 178 0 0 60 0 0 0 0 0
34 116 1 1 58 0 0 0 0 0
35 18 0 0 9 0 0 0 0 0
37 2 0 0 0 0 0 0 0 0
40 4 0 0 0 0 0 2 0 0
42 2 0 0 2 0 0 0 0 0
45 56 0 0 0 0 0 0 0 0
fl=./elf/./elf/dl-execstack-tunable.c
fn=_dl_handle_execstack_tunable
24 4 1 1 0 0 0 1 0 0
25 9 1 1 1 0 0 1 0 0
39 2 0 0 2 0 0 0 0 0
fl=./elf/./elf/dl-find_object.c
fn=_dl_find_object_init
578 6 1 1 0 0 0 3 0 0
581 1 0 0 1 1 0 0 0 0
583 2 1 1 1 0 0 0 0 0
584 3 1 1 0 0 0 1 0 0
596 2 0 0 0 0 0 1 0 0
597 4 0 0 1 0 0 1 0 0
599 2 0 0 0 0 0 0 0 0
602 3 1 1 0 0 0 1 0 0
607 1 0 0 0 0 0 1 0 0
608 1 0 0 0 0 0 1 0 0
611 4 0 0 2 0 0 0 0 0
613 1 0 0 0 0 0 1 0 0
616 6 1 1 3 0 0 1 0 0
618 1 0 0 0 0 0 0 0 0
621 5 0 0 4 0 0 0 0 0
fn=_dlfo_process_initial
505 16 0 0 0 0 0 12 0 0
506 2 0 0 2 0 0 0 0 0
508 2 0 0 0 0 0 0 0 0
509 4 1 1 2 0 0 0 0 0
514 20 1 1 4 1 0 2 0 0
515 34 1 1 2 0 0 0 0 0
516 14 0 0 14 1 0 0 0 0
518 52 0 0 12 0 0 0 0 0
521 48 0 0 12 0 0 0 0 0
524 58 1 1 12 0 0 0 0 0
529 36 1 1 12 1 0 0 0 0
531 18 0 0 0 0 0 6 0 0
532 6 0 0 0 0 0 0 0 0
533 24 0 0 0 0 0 0 0 0
546 2 0 0 0 0 0 2 0 0
548 18 0 0 16 0 0 0 0 0
fn=_dlfo_sort_mappings
553 8 1 1 0 0 0 3 0 0
554 2 0 0 0 0 0 0 0 0
557 18 0 0 0 0 0 0 0 0
561 10 1 1 5 0 0 0 0 0
562 95 0 0 0 0 0 0 0 0
563 30 0 0 15 0 0 0 0 0
565 30 0 0 0 0 0 0 0 0
570 25 1 1 15 0 0 0 0 0
571 40 0 0 20 0 0 15 0 0
572 15 0 0 0 0 0 15 0 0
574 4 0 0 4 0 0 0 0 0
fl=./elf/./elf/dl-fini.c
fn=_dl_fini
26 10 1 1 0 0 0 7 0 0
43 1 0 0 0 0 0 0 0 0
46 12 1 1 1 1 1 0 0 0
49 2 1 1 1 1 1 1 1 1
51 1 0 0 1 1 1 0 0 0
54 2 0 0 0 0 0 0 0 0
56 5 0 0 2 1 0 0 0 0
61 1 0 0 0 0 0 1 0 0
63 4 1 1 0 0 0 2 0 0
68 17 1 1 2 0 0 0 0 0
72 1 0 0 0 0 0 0 0 0
74 25 0 0 8 3 2 0 0 0
76 14 1 1 7 7 2 0 0 0
78 14 0 0 0 0 0 0 0 0
80 14 0 0 0 0 0 7 0 0
81 7 0 0 0 0 0 7 7 6
82 7 0 0 0 0 0 0 0 0
86 7 0 0 7 6 2 0 0 0
93 6 1 1 0 0 0 0 0 0
94 6 0 0 0 0 0 0 0 0
100 6 0 0 0 0 0 3 0 0
109 2 1 1 1 0 0 1 0 0
114 42 0 0 16 0 0 0 0 0
116 7 0 0 7 0 0 0 0 0
118 14 0 0 7 0 0 0 0 0
120 28 1 1 0 0 0 21 0 0
123 14 0 0 0 0 0 7 0 0
128 7 1 1 7 0 0 0 0 0
131 2 0 0 0 0 0 0 0 0
135 5 0 0 1 0 0 1 0 0
141 6 1 1 2 0 0 1 0 0
143 1 0 0 0 0 0 0 0 0
147 2 0 0 1 0 0 0 0 0
154 8 0 0 7 0 0 0 0 0
fl=./elf/./elf/dl-hwcaps.c
fn=_dl_important_hwcaps
51 16 1 1 0 0 0 4 0 0
53 2 0 0 0 0 0 0 0 0
54 4 0 0 2 0 0 0 0 0
56 4 0 0 0 0 0 0 0 0
76 16 4 4 0 0 0 4 0 0
78 2 0 0 0 0 0 2 0 0
79 16 1 1 4 0 0 6 1 1
83 2 0 0 0 0 0 2 0 0
85 6 0 0 2 0 0 2 0 0
86 2 0 0 0 0 0 0 0 0
87 2 0 0 0 0 0 0 0 0
99 5 0 0 0 0 0 3 0 0
101 3 0 0 1 0 0 0 0 0
104 1 1 1 0 0 0 1 0 0
111 5 1 1 0 0 0 2 0 0
124 15 1 1 0 0 0 3 0 0
126 10 0 0 4 0 0 2 1 1
127 4 0 0 2 0 0 2 0 0
128 4 0 0 0 0 0 2 0 0
129 2 0 0 0 0 0 0 0 0
132 4 1 1 1 0 0 0 0 0
141 20 1 1 7 0 0 7 0 0
142 12 1 1 2 0 0 1 0 0
144 1 0 0 1 0 0 0 0 0
150 4 1 1 2 0 0 0 0 0
154 5 0 0 2 0 0 1 0 0
155 2 0 0 0 0 0 0 0 0
156 3 0 0 0 0 0 0 0 0
160 1 0 0 1 0 0 0 0 0
161 3 0 0 1 0 0 1 0 0
162 2 0 0 0 0 0 2 0 0
171 15 1 1 0 0 0 9 1 1
173 2 1 1 0 0 0 2 0 0
174 2 0 0 0 0 0 0 0 0
184 2 0 0 0 0 0 1 0 0
185 2 0 0 0 0 0 0 0 0
188 4 1 1 1 0 0 2 1 1
192 2 0 0 1 0 0 0 0 0
193 3 0 0 1 0 0 0 0 0
200 1 0 0 0 0 0 0 0 0
201 5 0 0 2 0 0 1 0 0
207 2 0 0 1 0 0 1 0 0
208 1 0 0 0 0 0 1 0 0
212 3 0 0 2 0 0 1 0 0
215 9 0 0 7 0 0 0 0 0
fl=./elf/./elf/dl-hwcaps_split.c
fn=_dl_hwcaps_split
25 2 1 1 0 0 0 0 0 0
26 3 0 0 1 0 0 0 0 0
27 1 0 0 0 0 0 0 0 0
47 1 0 0 1 0 0 0 0 0
fn=_dl_hwcaps_split_masked
26 33 0 0 11 0 0 0 0 0
30 24 1 1 12 0 0 12 0 0
34 84 0 0 18 1 1 0 0 0
35 12 1 1 0 0 0 6 0 0
36 24 0 0 0 0 0 0 0 0
41 27 0 0 0 0 0 9 0 0
42 18 0 0 0 0 0 0 0 0
43 9 0 0 0 0 0 3 0 0
45 24 0 0 0 0 0 9 0 0
51 110 2 2 0 0 0 66 0 0
55 5 0 0 0 0 0 0 0 0
56 9 0 0 9 0 0 0 0 0
57 27 0 0 0 0 0 9 0 0
58 24 0 0 6 0 0 0 0 0
60 6 0 0 0 0 0 0 0 0
62 88 1 1 77 0 0 0 0 0
67 12 0 0 0 0 0 0 0 0
fl=./elf/./elf/dl-init.c
fn=_dl_init
29 16 1 1 8 0 0 0 0 0
35 40 1 1 8 0 0 0 0 0
37 41 1 1 1 0 0 2 0 0
81 13 2 2 0 0 0 6 0 0
82 1 0 0 1 1 0 0 0 0
83 1 0 0 1 0 0 0 0 0
86 3 0 0 1 0 0 0 0 0
89 2 0 0 0 0 0 1 0 0
94 4 0 0 0 0 0 0 0 0
119 1 1 1 1 0 0 0 0 0
120 32 1 0 0 0 0 6 0 0
121 14 1 0 14 3 0 0 0 0
127 8 0 0 7 1 0 0 0 0
fn=call_init.part.0
26 84 2 1 0 0 0 42 1 0
43 21 2 1 7 0 0 7 0 0
46 21 0 0 14 8 0 0 0 0
47 2 0 0 0 0 0 0 0 0
51 12 0 0 6 0 0 0 0 0
59 18 0 0 6 4 0 0 0 0
60 24 1 1 8 4 0 4 0 0
63 6 0 0 6 5 0 0 0 0
64 12 0 0 0 0 0 0 0 0
70 15 0 0 10 5 0 0 0 0
72 45 0 0 10 0 0 0 0 0
73 70 1 0 0 0 0 0 0 0
74 80 1 1 20 6 0 20 0 0
76 56 0 0 49 1 0 0 0 0
fl=./elf/./elf/dl-load.c
fn=_dl_dst_count
228 84 1 1 0 0 0 48 1 1
231 24 0 0 0 0 0 12 0 0
234 24 0 0 0 0 0 0 0 0
235 12 0 0 0 0 0 0 0 0
254 84 1 1 60 0 0 0 0 0
fn=_dl_init_paths
680 13 1 1 0 0 0 8 0 0
694 4 1 1 0 0 0 2 1 1
699 1 0 0 0 0 0 1 1 1
701 2 0 0 0 0 0 0 0 0
708 5 0 0 0 0 0 0 0 0
709 1 0 0 1 0 0 0 0 0
713 4 1 1 0 0 0 1 1 1
715 5 0 0 2 0 0 0 0 0
721 1 0 0 0 0 0 1 0 0
722 1 0 0 0 0 0 1 0 0
730 9 0 0 0 0 0 4 0 0
732 7 0 0 3 0 0 4 0 0
735 5 1 1 0 0 0 4 3 3
736 7 1 1 3 1 1 4 1 1
737 1 0 0 0 0 0 0 0 0
740 12 0 0 3 1 1 0 0 0
741 9 0 0 1 0 0 0 0 0
742 18 0 0 4 0 0 5 0 0
744 28 1 1 6 0 0 7 0 0
750 1 0 0 0 0 0 1 0 0
751 1 0 0 0 0 0 1 0 0
756 1 1 1 1 0 0 0 0 0
759 3 0 0 0 0 0 0 0 0
761 4 1 1 1 0 0 0 0 0
763 3 0 0 1 0 0 0 0 0
780 1 0 0 0 0 0 1 0 0
782 3 1 1 1 0 0 0 0 0
796 2 2 2 0 0 0 1 0 0
799 5 1 1 2 0 0 0 0 0
801 22 3 3 2 0 0 2 0 0
805 4 0 0 0 0 0 0 0 0
806 60 0 0 15 0 0 0 0 0
807 14 1 1 0 0 0 0 0 0
808 28 0 0 0 0 0 0 0 0
810 1 0 0 0 0 0 1 0 0
811 1 0 0 0 0 0 0 0 0
812 2 0 0 0 0 0 0 0 0
818 7 0 0 1 0 0 1 0 0
821 3 0 0 2 0 0 0 0 0
827 1 0 0 0 0 0 1 0 0
831 8 0 0 7 0 0 0 0 0
fn=_dl_lookup_map
1917 78 1 1 0 0 0 39 0 0
1918 26 1 1 0 0 0 0 0 0
1919 26 0 0 13 1 1 0 0 0
1922 207 0 0 56 0 0 0 0 0
1927 357 1 1 102 0 0 0 0 0
1929 255 0 0 0 0 0 51 1 1
1931 130 0 0 43 0 0 0 0 0
1932 110 0 0 0 0 0 44 0 0
1944 5 0 0 0 0 0 0 0 0
1945 78 1 1 52 0 0 0 0 0
fn=_dl_map_new_object
656 39 2 2 13 0 0 0 0 0
659 4 1 1 0 0 0 0 0 0
662 6 2 2 2 0 0 0 0 0
665 2 1 1 0 0 0 2 0 0
666 1 0 0 0 0 0 0 0 0
670 20 0 0 0 0 0 12 0 0
1952 75 1 1 0 0 0 40 3 3
1954 5 0 0 0 0 0 5 0 0
1962 10 0 0 5 0 0 0 0 0
1969 5 0 0 0 0 0 5 1 1
1974 15 1 1 5 0 0 0 0 0
1988 25 0 0 0 0 0 5 1 1
1992 16 1 1 0 0 0 8 0 0
1994 8 0 0 4 0 0 0 0 0
2001 16 1 1 4 0 0 0 0 0
2005 4 1 1 4 0 0 0 0 0
2006 4 0 0 0 0 0 4 0 0
2010 27 1 1 17 0 0 0 0 0
2011 1 0 0 0 0 0 0 0 0
2025 8 0 0 4 0 0 0 0 0
2026 28 1 1 4 0 0 0 0 0
2036 8 1 1 0 0 0 0 0 0
2051 8 1 1 4 0 0 0 0 0
2052 64 1 1 4 0 0 16 1 1
2058 12 0 0 0 0 0 0 0 0
2059 1 0 0 0 0 0 0 0 0
2067 8 2 2 0 0 0 0 0 0
2069 12 0 0 4 0 0 0 0 0
2073 12 1 1 0 0 0 4 0 0
2075 8 0 0 0 0 0 0 0 0
2079 8 0 0 0 0 0 0 0 0
2087 8 1 1 4 0 0 0 0 0
2110 36 0 0 0 0 0 8 0 0
2114 12 1 1 4 0 0 0 0 0
2115 4 0 0 0 0 0 4 0 0
2132 8 0 0 4 0 0 0 0 0
2139 4 0 0 0 0 0 1 0 0
2140 2 1 1 0 0 0 0 0 0
2141 2 0 0 0 0 0 0 0 0
2145 9 1 1 0 0 0 2 0 0
2148 3 0 0 1 0 0 0 0 0
2160 15 0 0 0 0 0 0 0 0
2206 60 1 1 15 0 0 25 0 0
2208 40 0 0 35 0 0 0 0 0
fn=_dl_map_object
2213 182 1 1 0 0 0 78 2 2
2214 39 0 0 0 0 0 26 1 1
2215 39 1 1 13 0 0 0 0 0
2217 30 1 1 0 0 0 0 0 0
2218 99 0 0 86 0 0 0 0 0
fn=_dl_map_object_from_fd
948 70 0 0 0 0 0 45 2 2
963 20 1 1 5 0 0 5 0 0
984 10 1 1 0 0 0 5 0 0
999 95 0 0 40 0 0 0 0 0
1000 40 1 1 20 0 0 0 0 0
1018 10 1 1 5 0 0 0 0 0
1048 20 1 1 5 0 0 5 0 0
1054 5 1 1 0 0 0 0 0 0
1058 10 0 0 5 0 0 0 0 0
1065 40 1 1 25 0 0 5 0 0
1066 10 0 0 0 0 0 0 0 0
1077 10 0 0 5 0 0 5 4 4
1078 40 1 1 15 0 0 5 0 0
1079 10 1 1 5 0 0 5 0 0
1081 5 0 0 0 0 0 0 0 0
1082 20 0 0 10 0 0 0 0 0
1083 8 0 0 0 0 0 4 0 0
1086 16 2 2 1 0 0 1 0 0
1087 6 0 0 1 0 0 1 1 1
1098 5 0 0 0 0 0 5 0 0
1100 5 0 0 0 0 0 5 0 0
1102 100 2 2 10 0 0 10 0 0
1103 5 0 0 0 0 0 0 0 0
1104 5 1 1 0 0 0 5 0 0
1105 5 0 0 0 0 0 5 0 0
1106 5 0 0 0 0 0 0 0 0
1112 220 0 0 5 0 0 0 0 0
1113 557 2 2 65 14 14 0 0 0
1119 10 1 1 5 1 1 0 0 0
1126 13 0 0 8 0 0 5 0 0
1127 15 0 0 5 0 0 5 0 0
1128 50 1 1 10 0 0 5 0 0
1133 2 0 0 1 0 0 1 0 0
1134 1 0 0 0 0 0 0 0 0
1139 130 0 0 45 2 2 0 0 0
1147 60 0 0 0 0 0 0 0 0
1148 90 1 1 20 0 0 20 3 3
1149 120 0 0 20 2 2 20 0 0
1150 20 0 0 0 0 0 20 0 0
1151 40 0 0 20 1 1 20 3 3
1153 140 0 0 20 1 1 0 0 0
1155 40 1 1 0 0 0 20 2 2
1168 85 0 0 30 0 0 0 0 0
1173 20 0 0 0 0 0 0 0 0
1177 9 0 0 3 1 0 0 0 0
1181 12 1 1 0 0 0 3 3 3
1182 3 0 0 3 0 0 0 0 0
1186 15 0 0 0 0 0 3 1 1
1187 6 0 0 3 0 0 3 0 0
1190 3 0 0 0 0 0 3 1 1
1195 12 1 1 3 0 0 0 0 0
1211 5 0 0 0 0 0 0 0 0
1214 15 1 1 10 0 0 5 2 2
1219 20 0 0 10 0 0 0 0 0
1229 85 0 0 0 0 0 0 0 0
1230 40 0 0 0 0 0 20 0 0
1236 10 0 0 5 0 0 0 0 0
1246 20 1 1 10 0 0 0 0 0
1253 35 1 1 20 0 0 5 0 0
1269 20 1 1 10 0 0 0 0 0
1270 15 0 0 5 0 0 5 0 0
1276 14 0 0 2 0 0 0 0 0
1277 10 0 0 0 0 0 0 0 0
1279 10 1 1 0 0 0 0 0 0
1289 15 0 0 5 0 0 0 0 0
1308 15 0 0 5 0 0 5 0 0
1310 25 1 1 10 0 0 0 0 0
1330 15 0 0 5 2 2 0 0 0
1331 6 0 0 3 0 0 3 0 0
1337 165 0 0 15 0 0 0 0 0
1338 295 1 1 65 55 55 0 0 0
1344 85 0 0 0 0 0 5 0 0
1349 20 1 1 5 0 0 5 0 0
1362 10 0 0 5 0 0 0 0 0
1364 20 1 1 10 0 0 5 0 0
1366 10 0 0 5 0 0 0 0 0
1382 10 0 0 0 0 0 5 0 0
1386 10 0 0 5 0 0 0 0 0
1387 10 0 0 5 0 0 0 0 0
1404 10 0 0 5 0 0 0 0 0
1405 1 1 1 0 0 0 1 0 0
1408 20 0 0 10 0 0 10 0 0
1413 10 0 0 5 0 0 0 0 0
1418 10 0 0 5 0 0 0 0 0
1428 20 1 1 10 0 0 0 0 0
1429 21 0 0 0 0 0 3 0 0
1430 3 1 1 1 0 0 1 0 0
1436 10 0 0 5 0 0 0 0 0
1437 12 0 0 3 0 0 0 0 0
1442 6 0 0 0 0 0 3 0 0
1449 15 1 1 5 0 0 5 0 0
1452 10 0 0 5 0 0 0 0 0
1455 20 0 0 10 0 0 5 0 0
1457 5 0 0 0 0 0 0 0 0
1458 45 0 0 35 0 0 0 0 0
fn=_dl_notify_new_object
908 45 1 1 0 0 0 25 0 0
910 15 0 0 0 0 0 5 0 0
911 15 0 0 5 0 0 0 0 0
928 10 1 1 0 0 0 0 0 0
932 25 0 0 15 0 0 0 0 0
933 15 0 0 0 0 0 0 0 0
935 25 0 0 25 0 0 0 0 0
fn=_dl_process_pt_gnu_property
842 6 1 1 0 0 0 0 0 0
843 18 0 0 12 0 0 0 0 0
844 6 0 0 6 0 0 0 0 0
850 12 0 0 6 0 0 0 0 0
856 30 1 1 0 0 0 0 0 0
859 18 1 1 6 6 6 0 0 0
860 12 0 0 6 0 0 0 0 0
861 12 0 0 6 0 0 0 0 0
864 18 1 1 6 0 0 0 0 0
865 18 0 0 0 0 0 0 0 0
869 6 0 0 0 0 0 0 0 0
870 12 0 0 0 0 0 0 0 0
874 18 1 1 9 1 1 0 0 0
875 9 0 0 9 0 0 0 0 0
878 18 0 0 0 0 0 0 0 0
881 9 0 0 0 0 0 0 0 0
882 27 1 1 0 0 0 0 0 0
892 18 0 0 0 0 0 0 0 0
894 24 0 0 0 0 0 0 0 0
fn=expand_dynamic_string_token
231 6 0 0 0 0 0 2 0 0
234 4 1 1 0 0 0 0 0 0
375 16 1 1 0 0 0 10 0 0
389 4 0 0 0 0 0 0 0 0
400 10 0 0 10 0 0 0 0 0
fn=fillin_rpath.isra.0
442 18 2 2 0 0 0 12 0 0
446 1 0 0 0 0 0 0 0 0
448 12 0 0 4 0 0 2 0 0
455 2 0 0 1 0 0 0 0 0
457 6 1 1 1 0 0 2 0 0
461 2 0 0 0 0 0 0 0 0
466 3 0 0 0 0 0 1 0 0
467 2 0 0 0 0 0 0 0 0
474 4 1 1 1 0 0 0 0 0
479 2 1 1 0 0 0 1 0 0
483 15 0 0 5 0 0 0 0 0
484 8 1 1 4 0 0 0 0 0
502 4 1 1 1 0 0 1 0 0
506 3 0 0 2 0 0 0 0 0
508 2 1 1 0 0 0 0 0 0
512 1 0 0 0 0 0 1 0 0
513 2 0 0 1 0 0 0 0 0
514 4 0 0 0 0 0 2 0 0
515 1 0 0 0 0 0 1 0 0
517 2 0 0 1 0 0 0 0 0
523 7 0 0 1 0 0 0 0 0
524 11 1 1 1 0 0 0 0 0
525 4 2 2 0 0 0 3 0 0
527 2 0 0 1 0 0 1 0 0
528 3 0 0 1 0 0 0 0 0
529 1 0 0 0 0 0 1 0 0
535 2 0 0 1 0 0 1 0 0
536 1 0 0 0 0 0 1 0 0
539 3 0 0 0 0 0 1 0 0
545 1 0 0 0 0 0 1 0 0
548 8 0 0 7 0 0 0 0 0
fn=open_path
1760 32 1 1 0 0 0 24 0 0
1761 8 0 0 4 0 0 4 1 1
1764 4 0 0 0 0 0 4 0 0
1765 4 0 0 0 0 0 4 0 0
1767 8 1 1 0 0 0 0 0 0
1770 8 0 0 0 0 0 0 0 0
1772 84 3 3 12 1 1 12 1 1
1775 8 0 0 8 0 0 0 0 0
1783 12 1 1 4 0 0 0 0 0
1790 32 0 0 16 0 0 8 1 1
1791 87 2 2 24 0 0 4 0 0
1794 24 0 0 12 0 0 0 0 0
1799 66 1 1 30 0 0 12 0 0
1802 12 0 0 0 0 0 6 0 0
1808 12 1 1 6 0 0 0 0 0
1809 8 0 0 0 0 0 8 0 0
1811 48 0 0 24 0 0 6 0 0
1813 18 0 0 6 0 0 0 0 0
1815 6 0 0 0 0 0 0 0 0
1821 18 2 2 12 0 0 0 0 0
1827 9 1 1 6 0 0 3 0 0
1829 27 0 0 3 0 0 11 0 0
1830 3 0 0 1 1 1 0 0 0
1832 3 0 0 0 0 0 0 0 0
1834 8 1 1 1 0 0 4 0 0
1839 12 0 0 3 0 0 0 0 0
1841 6 0 0 0 0 0 0 0 0
1890 32 0 0 8 0 0 4 2 2
1894 4 0 0 4 0 0 0 0 0
1896 16 1 1 12 0 0 0 0 0
1899 12 0 0 8 0 0 0 0 0
1913 36 0 0 28 0 0 0 0 0
fn=open_verify.constprop.0
1511 132 2 2 0 0 0 88 2 2
1543 33 0 0 11 0 0 0 0 0
1548 12 1 1 0 0 0 0 0 0
1562 55 0 0 0 0 0 11 1 1
1564 22 0 0 0 0 0 0 0 0
1572 5 1 1 0 0 0 5 0 0
1573 10 0 0 0 0 0 5 1 1
1578 20 0 0 0 0 0 5 0 0
1579 10 0 0 0 0 0 0 0 0
1580 10 0 0 0 0 0 0 0 0
1582 15 0 0 5 0 0 5 0 0
1584 10 0 0 0 0 0 0 0 0
1590 10 1 1 0 0 0 0 0 0
1605 74 2 2 23 0 0 0 0 0
1688 10 0 0 5 0 0 0 0 0
1693 10 0 0 5 0 0 0 0 0
1701 20 1 1 5 0 0 0 0 0
1707 10 0 0 5 1 1 0 0 0
1713 10 0 0 5 1 1 0 0 0
1714 20 0 0 5 0 0 0 0 0
1718 15 2 2 1 0 0 0 0 0
1719 5 0 0 0 0 0 1 0 0
1742 12 1 1 6 0 0 0 0 0
1747 99 1 1 77 0 0 0 0 0
fl=./elf/./elf/dl-lookup-direct.c
fn=_dl_lookup_direct
32 15 1 1 9 1 0 0 0 0
33 9 0 0 0 0 0 0 0 0
35 6 0 0 3 3 3 0 0 0
36 6 0 0 3 0 0 0 0 0
48 9 0 0 3 0 0 3 0 0
51 6 0 0 6 0 0 0 0 0
53 21 1 1 6 0 0 6 0 0
57 9 0 0 9 3 1 0 0 0
58 18 0 0 9 1 0 0 0 0
59 15 1 1 6 0 0 3 0 0
74 39 2 2 0 0 0 27 0 0
76 6 0 0 3 0 0 0 0 0
78 18 0 0 9 3 0 0 0 0
79 6 0 0 0 0 0 0 0 0
81 15 1 1 3 0 0 3 0 0
84 25 0 0 5 3 1 0 0 0
86 9 0 0 3 0 0 0 0 0
93 6 1 1 0 0 0 0 0 0
115 3 0 0 0 0 0 0 0 0
116 27 0 0 21 0 0 0 0 0
fl=./elf/./elf/dl-lookup.c
fn=_dl_lookup_symbol_x
767 28455 1 1 0 0 0 17073 20 7
769 3794 0 0 0 0 0 1897 0 0
770 3794 1 1 0 0 0 1897 0 0
771 5691 1 1 1897 0 0 0 0 0
773 1897 0 0 1897 6 2 0 0 0
777 7548 0 0 1877 0 0 0 0 0
780 3794 0 0 1897 0 0 0 0 0
782 3794 0 0 3794 8 2 0 0 0
786 20947 0 0 16 0 0 5691 0 0
787 32249 1 1 13279 0 0 13279 7 3
792 7588 1 1 3794 0 0 0 0 0
794 112 1 1 32 0 0 0 0 0
811 16 1 1 0 0 0 16 0 0
812 32 0 0 0 0 0 0 0 0
815 1881 0 0 1881 0 0 0 0 0
816 13147 0 0 1876 0 0 0 0 0
823 1881 0 0 1881 0 0 0 0 0
851 7524 0 0 1881 0 0 0 0 0
865 5643 1 1 1881 15 3 0 0 0
866 2 2 2 0 0 0 1 0 0
868 3762 0 0 1881 0 0 0 0 0
885 3762 0 0 1881 0 0 1881 0 0
887 17073 0 0 13279 0 0 0 0 0
fn=check_match
70 20734 2 2 1889 87 57 7536 15 5
73 15112 1 1 3778 227 175 0 0 0
78 8 1 1 0 0 0 0 0 0
86 9420 0 0 0 0 0 0 0 0
89 4426 0 0 188 0 0 94 1 0
93 3768 0 0 3768 11 3 0 0 0
94 3768 0 0 0 0 0 0 0 0
98 3760 1 1 0 0 0 0 0 0
102 3760 0 0 3760 58 19 0 0 0
103 16920 0 0 7520 26 4 0 0 0
104 16893 1 1 7508 10 2 5631 2 1
109 9 1 1 3 0 0 0 0 0
110 3 0 0 3 0 0 0 0 0
111 6 0 0 3 0 0 0 0 0
112 7 0 0 3 0 0 1 0 0
115 2 0 0 1 0 0 1 0 0
141 8 0 0 0 0 0 0 0 0
143 24 0 0 8 3 1 0 0 0
144 16 1 1 0 0 0 0 0 0
147 2 0 0 0 0 0 0 0 0
158 1881 0 0 0 0 0 0 0 0
159 13198 0 0 9425 0 0 0 0 0
fn=do_lookup_x
167 230 0 0 2 0 0 0 0 0
168 306 2 2 76 0 0 2 0 0
169 940 2 2 250 58 58 0 0 0
171 98 0 0 0 0 0 0 0 0
172 294 0 0 0 0 0 0 0 0
173 528 2 2 0 0 0 0 0 0
176 152 0 0 0 0 0 152 0 0
177 152 0 0 0 0 0 152 0 0
178 82 0 0 0 0 0 82 0 0
179 152 0 0 0 0 0 152 0 0
180 70 0 0 0 0 0 0 0 0
219 328 1 1 82 0 0 246 0 0
221 492 0 0 82 2 0 164 0 0
223 164 1 1 82 2 1 0 0 0
224 81 0 0 81 0 0 0 0 0
225 328 0 0 164 0 0 0 0 0
227 2406 2 2 1 0 0 578 0 0
228 486 0 0 81 0 0 0 0 0
231 352 1 1 176 0 0 0 0 0
232 176 0 0 176 76 43 0 0 0
251 352 0 0 0 0 0 0 0 0
254 95 0 0 0 0 0 0 0 0
255 285 0 0 0 0 0 0 0 0
256 322 1 1 46 0 0 0 0 0
259 1134 1 1 567 0 0 0 0 0
266 14 1 1 0 0 0 10 0 0
269 4 0 0 0 0 0 0 0 0
276 288 1 1 6 0 0 0 0 0
277 276 1 1 92 15 2 0 0 0
278 350 0 0 210 0 0 0 0 0
282 14 1 1 4 0 0 6 0 0
283 2 0 0 0 0 0 2 0 0
284 2 0 0 0 0 0 0 0 0
285 8 0 0 4 0 0 2 0 0
286 4 0 0 2 0 0 2 0 0
297 2 0 0 1 0 0 0 0 0
299 2 0 0 0 0 0 0 0 0
302 1 0 0 0 0 0 1 0 0
303 1 1 1 0 0 0 1 0 0
304 2 0 0 1 0 0 1 0 0
307 164 0 0 82 0 0 0 0 0
308 410 0 0 164 0 0 0 0 0
315 328 0 0 82 0 0 0 0 0
326 328 1 1 164 0 0 82 0 0
328 164 0 0 164 0 0 82 0 0
330 246 0 0 164 0 0 82 0 0
331 164 0 0 0 0 0 82 0 0
344 28455 1 1 3794 0 0 18970 16 8
350 1897 1 1 1897 6 2 0 0 0
351 1897 0 0 1897 0 0 0 0 0
355 18233 1 1 18233 39 10 0 0 0
358 12156 1 1 0 0 0 0 0 0
362 12166 0 0 5 0 0 2 0 0
383 12154 1 1 6077 27 8 0 0 0
387 12154 0 0 6077 4 2 0 0 0
393 18231 0 0 6077 22 5 0 0 0
397 6077 0 0 0 0 0 6077 0 0
398 6077 1 1 0 0 0 6077 0 0
401 30385 0 0 18231 75 20 0 0 0
402 18231 0 0 12154 13 3 6077 0 0
405 6077 0 0 6077 0 0 0 0 0
406 12154 0 0 0 0 0 0 0 0
408 6077 0 0 6077 901 172 0 0 0
409 17073 0 0 3794 0 0 3794 0 0
410 12154 0 0 12154 0 0 0 0 0
413 24308 0 0 6077 0 0 0 0 0
416 42539 0 0 0 0 0 0 0 0
419 3850 0 0 3850 1134 203 0 0 0
420 5775 1 1 0 0 0 0 0 0
421 3850 0 0 0 0 0 0 0 0
423 3846 0 0 1923 0 0 0 0 0
426 24060 1 1 4812 1670 488 0 0 0
428 5667 0 0 0 0 0 0 0 0
429 49488 2 2 15112 0 0 24795 22 10
430 3778 1 1 0 0 0 0 0 0
433 20707 1 1 9400 0 0 0 0 0
436 8796 0 0 0 0 0 0 0 0
445 301 4 4 215 0 0 0 0 0
467 87 2 2 44 0 0 0 0 0
469 2 0 0 0 0 0 0 0 0
473 3762 1 1 0 0 0 0 0 0
480 9940 0 0 1881 0 0 0 0 0
484 3708 1 1 1236 1 0 0 0 0
488 1 1 1 0 0 0 1 0 0
496 3598 0 0 1799 0 0 1799 0 0
497 1799 0 0 0 0 0 1799 0 0
498 1881 0 0 0 0 0 0 0 0
515 12591 0 0 8392 0 0 0 0 0
518 32 1 1 0 0 0 0 0 0
519 15176 0 0 13279 0 0 0 0 0
fl=./elf/./elf/dl-minimal-malloc.c
fn=__minimal_calloc
80 85 2 1 0 0 0 0 0 0
84 17 0 0 0 0 0 0 0 0
87 17 0 0 0 0 0 0 0 0
88 51 0 0 0 0 0 0 0 0
fn=__minimal_free
97 3 2 1 0 0 0 0 0 0
99 12 0 0 6 0 0 0 0 0
fn=__minimal_malloc
36 60 1 1 0 0 0 9 0 0
37 126 0 0 42 3 0 0 0 0
42 3 0 0 0 0 0 1 0 0
43 2 1 1 1 0 0 0 0 0
44 2 0 0 0 0 0 0 0 0
48 167 0 0 41 0 0 42 0 0
51 282 1 1 0 0 0 0 0 0
56 12 0 0 3 0 0 0 0 0
57 12 0 0 0 0 0 0 0 0
59 3 0 0 0 0 0 0 0 0
60 21 1 1 0 0 0 3 0 0
62 6 0 0 0 0 0 0 0 0
64 15 0 0 0 0 0 6 0 0
65 12 0 0 6 0 0 0 0 0
67 6 0 0 0 0 0 3 0 0
70 44 1 1 1 0 0 42 4 1
71 45 0 0 0 0 0 42 0 0
73 54 0 0 51 0 0 0 0 0
fl=./elf/./elf/dl-minimal.c
fn=__rtld_malloc_init_real
76 10 1 1 0 0 0 6 0 0
86 2 0 0 0 0 0 1 0 0
88 1 0 0 0 0 0 1 0 0
89 1 0 0 0 0 0 1 0 0
91 4 1 1 0 0 0 1 0 0
92 5 0 0 0 0 0 1 0 0
93 5 0 0 0 0 0 1 0 0
94 4 1 1 0 0 0 1 0 0
99 1 0 0 0 0 0 1 0 0
100 1 0 0 0 0 0 1 0 0
101 1 0 0 0 0 0 1 0 0
102 1 0 0 0 0 0 1 1 0
103 8 0 0 7 0 0 0 0 0
fn=__rtld_malloc_init_stubs
42 1 1 1 0 0 0 0 0 0
43 2 0 0 0 0 0 1 1 1
44 2 0 0 0 0 0 1 0 0
45 2 0 0 0 0 0 1 0 0
46 2 0 0 0 0 0 1 1 1
47 1 0 0 1 0 0 0 0 0
fn=lookup_malloc_symbol
61 24 1 1 0 0 0 8 0 0
63 4 0 0 0 0 0 4 0 0
64 32 1 1 4 0 0 12 0 0
68 32 0 0 16 0 0 0 0 0
69 24 1 1 12 0 0 0 0 0
71 4 0 0 0 0 0 4 0 0
72 12 0 0 12 0 0 0 0 0
fn=strsep
239 2 1 1 0 0 0 0 0 0
242 6 0 0 2 1 1 0 0 0
244 2 0 0 2 0 0 0 0 0
245 4 0 0 0 0 0 0 0 0
247 3 0 0 0 0 0 0 0 0
249 47 0 0 15 0 0 0 0 0
251 28 0 0 0 0 0 0 0 0
254 56 1 1 28 0 0 0 0 0
256 84 0 0 28 0 0 0 0 0
264 14 0 0 0 0 0 0 0 0
267 1 0 0 0 0 0 1 0 0
271 4 0 0 2 0 0 0 0 0
fl=./elf/./elf/dl-misc.c
fn=_dl_higher_prime_number
85 2 1 0 0 0 0 0 0 0
122 2 0 0 0 0 0 0 0 0
123 2 0 0 0 0 0 0 0 0
125 26 2 2 0 0 0 0 0 0
127 80 0 0 0 0 0 0 0 0
128 30 0 0 10 4 2 0 0 0
129 6 0 0 0 0 0 0 0 0
131 7 0 0 0 0 0 0 0 0
143 2 0 0 2 0 0 0 0 0
144 2 0 0 2 0 0 0 0 0
fn=_dl_name_match_p
68 812 1 1 0 0 0 348 1 1
69 464 0 0 116 0 0 116 1 0
70 136 0 0 0 0 0 0 0 0
72 116 0 0 116 0 0 0 0 0
74 458 0 0 0 0 0 0 0 0
75 665 1 1 133 0 0 133 0 0
78 113 0 0 113 0 0 0 0 0
80 96 0 0 0 0 0 0 0 0
81 464 0 0 464 0 0 0 0 0
fn=_dl_sysdep_read_whole_file
36 8 1 1 0 0 0 3 0 0
39 3 0 0 0 0 0 1 0 0
40 3 0 0 0 0 0 0 0 0
42 7 1 1 1 0 0 2 0 0
44 2 0 0 1 0 0 1 0 0
47 2 0 0 0 0 0 0 0 0
49 9 1 1 1 0 0 2 0 0
60 4 0 0 1 0 0 2 0 0
63 6 0 0 4 0 0 0 0 0
fl=./elf/./elf/dl-object.c
fn=_dl_add_to_namespace_list
31 42 1 1 0 0 0 18 0 0
33 12 0 0 6 0 0 6 0 0
35 40 1 1 6 0 0 0 0 0
38 80 0 0 20 0 0 0 0 0
40 5 0 0 0 0 0 5 0 0
42 5 0 0 0 0 0 5 0 0
45 2 1 1 0 0 0 1 0 0
46 12 0 0 6 0 0 0 0 0
47 12 0 0 6 1 1 6 0 0
48 12 0 0 0 0 0 6 0 0
50 12 0 0 6 0 0 0 0 0
51 18 0 0 18 0 0 0 0 0
fn=_dl_new_object
59 90 1 1 0 0 0 60 2 2
62 12 0 0 0 0 0 0 0 0
64 2 1 1 0 0 0 0 0 0
66 3 1 1 1 0 0 0 0 0
67 6 0 0 1 0 0 1 0 0
71 2 0 0 0 0 0 0 0 0
77 1 0 0 0 0 0 0 0 0
80 5 0 0 5 0 0 0 0 0
83 31 1 1 0 0 0 16 1 1
87 10 0 0 0 0 0 0 0 0
92 5 0 0 0 0 0 0 0 0
95 12 0 0 0 0 0 0 0 0
98 6 1 1 0 0 0 6 4 4
99 18 0 0 6 0 0 6 6 6
103 12 0 0 0 0 0 6 2 2
104 42 0 0 12 0 0 18 0 0
106 6 0 0 0 0 0 6 0 0
119 28 1 1 17 0 0 0 0 0
123 5 0 0 0 0 0 0 0 0
125 1 0 0 0 0 0 0 0 0
127 42 0 0 12 6 6 12 0 0
130 12 0 0 6 0 0 0 0 0
131 12 1 1 0 0 0 6 6 6
132 6 1 1 0 0 0 6 0 0
136 12 0 0 6 0 0 6 0 0
139 40 0 0 0 0 0 0 0 0
141 20 1 1 0 0 0 16 4 4
149 12 0 0 0 0 0 6 0 0
150 6 0 0 0 0 0 6 6 6
153 1 0 0 0 0 0 0 0 0
155 30 1 1 12 1 1 0 0 0
157 20 0 0 0 0 0 5 4 4
160 14 0 0 0 0 0 0 0 0
164 24 0 0 6 0 0 0 0 0
168 35 1 1 5 0 0 0 0 0
176 1 1 1 0 0 0 1 0 0
179 12 0 0 0 0 0 6 0 0
189 24 0 0 12 0 0 0 0 0
191 20 1 1 0 0 0 10 0 0
195 15 0 0 0 0 0 0 0 0
199 10 0 0 0 0 0 0 0 0
200 10 0 0 0 0 0 0 0 0
208 5 0 0 0 0 0 0 0 0
212 5 0 0 0 0 0 0 0 0
245 20 1 1 10 0 0 5 0 0
250 168 0 0 0 0 0 0 0 0
251 168 0 0 84 0 0 0 0 0
255 10 0 0 0 0 0 0 0 0
256 5 0 0 0 0 0 5 0 0
259 5 0 0 0 0 0 5 1 1
263 54 1 1 42 0 0 0 0 0
fl=./elf/./elf/dl-reloc.c
fn=_dl_protect_relro
352 6 2 2 0 0 0 2 0 0
353 3 0 0 1 0 0 0 0 0
356 6 1 1 3 0 0 0 0 0
359 2 0 0 0 0 0 0 0 0
363 2 0 0 0 0 0 0 0 0
364 7 0 0 0 0 0 1 0 0
370 3 0 0 3 0 0 0 0 0
fn=_dl_relocate_object
343 38 1 1 0 0 0 12 0 0
344 18 0 0 10 0 0 0 0 0
346 6 1 1 0 0 0 6 0 0
348 18 0 0 18 0 0 0 0 0
353 18 0 0 6 5 0 0 0 0
356 36 0 0 18 2 0 0 0 0
359 12 0 0 0 0 0 0 0 0
363 12 0 0 0 0 0 0 0 0
364 36 1 1 0 0 0 6 0 0
fn=_dl_relocate_object_no_relro
170 14124 1 1 3531 1725 1342 0 0 0
171 6866 0 0 0 0 0 0 0 0
174 23141 1 1 3433 6 0 0 0 0
175 19468 2 1 1623 0 0 0 0 0
177 1623 0 0 1623 0 0 0 0 0
178 4869 2 1 1623 0 0 1623 0 0
182 3620 1 1 0 0 0 0 0 0
183 1810 0 0 0 0 0 1810 0 0
184 1810 1 1 0 0 0 1810 0 0
186 14486 1 1 7240 2 0 6 0 0
187 9020 0 0 1804 63 0 1804 0 0
188 3608 0 0 0 0 0 0 0 0
190 12779 2 2 3620 0 0 5492 2 0
193 1810 0 0 1810 0 0 0 0 0
194 12670 1 1 5430 0 0 1810 0 0
196 1623 0 0 1623 0 0 0 0 0
207 91 2 2 0 0 0 56 2 0
217 8 0 0 4 0 0 0 0 0
220 7 0 0 0 0 0 0 0 0
223 14 0 0 0 0 0 0 0 0
226 21 0 0 7 2 0 0 0 0
246 21 1 1 7 0 0 0 0 0
247 14 1 1 7 7 0 0 0 0
248 6 1 1 0 0 0 0 0 0
250 14 1 1 0 0 0 0 0 0
257 28 0 0 7 2 0 7 0 0
296 11661 10 10 1280 242 208 51 1 0
298 28 0 0 0 0 0 0 0 0
321 7 0 0 7 1 0 0 0 0
324 14 0 0 7 0 0 0 0 0
338 56 1 1 49 3 0 0 0 0
fl=./elf/./elf/dl-runtime.c
fn=_dl_fixup
46 820 0 0 0 0 0 492 0 0
48 656 0 0 328 15 8 0 0 0
49 246 0 0 164 0 0 0 0 0
54 82 0 0 82 5 2 0 0 0
55 328 2 2 82 5 2 0 0 0
56 574 0 0 82 81 23 82 4 2
58 82 0 0 82 7 3 0 0 0
63 164 0 0 0 0 0 0 0 0
67 164 0 0 82 81 58 0 0 0
69 410 0 0 82 19 8 0 0 0
71 246 1 1 82 5 2 0 0 0
75 246 0 0 164 79 21 0 0 0
76 328 0 0 82 4 2 0 0 0
84 82 1 1 0 0 0 0 0 0
85 246 0 0 82 0 0 0 0 0
95 820 0 0 164 5 2 246 0 0
99 410 1 1 246 0 0 0 0 0
109 820 0 0 328 3 2 82 0 0
123 5 1 1 0 0 0 5 0 0
124 328 1 1 82 0 0 0 0 0
125 15 2 2 5 0 0 5 0 0
133 246 0 0 82 0 0 0 0 0
159 246 0 0 82 4 2 0 0 0
163 656 0 0 574 0 0 0 0 0
fl=./elf/./elf/dl-setup_hash.c
fn=_dl_setup_hash
25 7 1 1 0 0 0 0 0 0
28 21 0 0 7 0 0 0 0 0
31 21 0 0 14 0 0 0 0 0
32 14 1 1 7 7 7 7 0 0
33 7 0 0 7 0 0 0 0 0
34 7 0 0 7 1 1 0 0 0
36 21 0 0 0 0 0 0 0 0
37 7 0 0 0 0 0 7 0 0
38 21 0 0 7 0 0 7 0 0
40 7 0 0 0 0 0 7 0 0
41 14 0 0 0 0 0 0 0 0
43 7 1 1 0 0 0 7 0 0
45 28 0 0 0 0 0 7 0 0
50 7 0 0 7 0 0 0 0 0
fl=./elf/./elf/dl-sort-maps.c
fn=_dl_sort_maps
140 64 0 0 14 0 0 24 0 0
181 2 0 0 0 0 0 2 0 0
182 2 0 0 2 0 0 0 0 0
183 52 0 0 0 0 0 0 0 0
184 28 2 2 28 0 0 0 0 0
211 32 4 4 2 0 0 0 0 0
216 8 0 0 0 0 0 4 0 0
218 8 2 2 0 0 0 2 0 0
219 10 0 0 2 0 0 2 0 0
221 44 0 0 0 0 0 0 0 0
223 14 0 0 14 0 0 0 0 0
226 52 2 2 24 0 0 0 0 0
244 14 0 0 6 0 0 0 0 0
263 6 2 2 0 0 0 2 0 0
276 8 0 0 2 0 0 0 0 0
283 2 2 2 0 0 0 0 0 0
298 26 3 3 0 0 0 14 0 0
306 6 0 0 2 2 1 0 0 0
310 16 0 0 14 0 0 0 0 0
fn=_dl_sort_maps_init
289 4 2 2 0 0 0 1 0 0
290 4 0 0 0 0 0 1 0 0
291 1 0 0 0 0 0 1 0 0
292 3 0 0 1 0 0 0 0 0
293 2 0 0 2 0 0 0 0 0
fn=dfs_traversal.part.0
135 70 2 2 0 0 0 14 0 0
140 82 0 0 35 0 0 10 0 0
143 14 0 0 14 0 0 0 0 0
145 42 2 2 14 3 2 0 0 0
147 183 0 0 56 7 7 0 0 0
156 49 3 3 7 0 0 0 0 0
171 42 0 0 14 0 0 14 0 0
172 14 1 1 0 0 0 14 0 0
173 28 0 0 28 0 0 0 0 0
fl=./elf/./elf/dl-tunables.c
fn=__GI___tunable_set_val
73 54 0 0 6 0 0 0 0 0
83 6 0 0 6 0 0 0 0 0
94 24 1 1 12 0 0 0 0 0
95 30 0 0 12 0 0 0 0 0
99 12 0 0 0 0 0 0 0 0
101 24 0 0 0 0 0 0 0 0
105 6 0 0 0 0 0 0 0 0
112 12 1 1 0 0 0 0 0 0
113 12 0 0 0 0 0 0 0 0
116 12 1 1 0 0 0 6 0 0
117 6 0 0 0 0 0 6 0 0
118 6 0 0 0 0 0 6 0 0
119 6 0 0 0 0 0 6 0 0
162 24 1 1 0 0 0 0 0 0
166 6 0 0 6 0 0 0 0 0
fn=__GI___tunables_init
43 295 1 1 59 0 0 0 0 0
46 58 0 0 0 0 0 0 0 0
49 5912 1 1 828 30 30 0 0 0
53 116 0 0 0 0 0 0 0 0
57 58 0 0 0 0 0 0 0 0
188 58 1 1 0 0 0 0 0 0
255 1 0 0 0 0 0 0 0 0
294 11 2 2 0 0 0 6 0 0
300 3 0 0 1 0 0 0 0 0
304 32 0 0 0 0 0 27 4 4
306 1 0 0 0 0 0 0 0 0
317 1624 0 0 0 0 0 0 0 0
319 2088 1 1 522 2 2 0 0 0
320 522 0 0 0 0 0 0 0 0
322 1566 0 0 522 9 9 0 0 0
337 6 1 1 1 0 0 0 0 0
340 27 1 1 0 0 0 0 0 0
343 27 1 1 9 0 0 0 0 0
352 8 0 0 7 0 0 0 0 0
fn=__tunable_get_val
435 66 2 1 0 0 0 0 0 0
438 291 0 0 33 30 29 0 0 0
447 42 1 1 30 19 14 12 0 0
448 12 0 0 0 0 0 0 0 0
457 27 0 0 0 0 0 21 0 0
464 99 0 0 33 7 5 0 0 0
466 33 0 0 33 0 0 0 0 0
fl=./elf/./elf/dl-tunables.h
fn=__GI___tunables_init
160 894 1 1 646 0 0 0 0 0
161 2484 0 0 16 0 0 0 0 0
fl=./elf/./elf/dl-version.c
fn=_dl_check_all_versions
399 7 1 1 0 0 0 5 0 0
401 3 0 0 0 0 0 0 0 0
403 26 0 0 7 0 0 0 0 0
404 7 0 0 0 0 0 0 0 0
405 42 1 1 7 0 0 7 1 0
408 7 1 1 6 0 0 0 0 0
fn=_dl_check_map_versions
36 202 1 1 24 0 0 0 0 0
37 53 0 0 53 0 0 0 0 0
38 349 0 0 0 0 0 65 0 0
56 208 0 0 156 0 0 0 0 0
64 104 1 1 52 0 0 0 0 0
70 156 0 0 52 1 0 0 0 0
86 52 0 0 52 1 0 0 0 0
87 104 0 0 0 0 0 0 0 0
89 52 0 0 52 0 0 0 0 0
94 2186 1 1 911 33 33 156 0 0
99 48 1 1 12 0 0 36 0 0
108 1822 0 0 911 13 13 0 0 0
110 52 1 1 52 1 1 0 0 0
113 416 1 1 156 2 2 104 0 0
120 2577 0 0 859 11 11 0 0 0
124 859 0 0 0 0 0 0 0 0
155 63 1 1 0 0 0 42 0 0
156 7 0 0 0 0 0 7 0 0
164 7 0 0 0 0 0 7 1 0
170 21 0 0 7 1 0 0 0 0
172 21 0 0 14 1 0 0 0 0
174 21 1 1 7 2 0 7 1 0
175 7 0 0 7 0 0 0 0 0
177 14 0 0 0 0 0 0 0 0
180 10 0 0 10 0 0 0 0 0
184 10 0 0 5 5 5 0 0 0
198 7 0 0 0 0 0 0 0 0
200 24 0 0 24 0 0 0 0 0
208 24 0 0 0 0 0 0 0 0
213 36 0 0 12 2 2 0 0 0
215 40 0 0 0 0 0 0 0 0
217 156 0 0 104 14 14 0 0 0
218 372 1 1 284 1 0 0 0 0
221 104 0 0 52 0 0 52 0 0
224 156 0 0 52 0 0 0 0 0
225 40 1 1 0 0 0 16 0 0
228 38 1 1 25 0 0 12 0 0
231 208 1 1 52 0 0 0 0 0
234 156 0 0 52 0 0 0 0 0
239 40 0 0 0 0 0 0 0 0
243 36 0 0 12 0 0 0 0 0
248 7 0 0 0 0 0 0 0 0
257 30 2 2 15 0 0 0 0 0
260 10 0 0 10 0 0 0 0 0
263 599 0 0 151 15 15 5 0 0
266 453 0 0 146 6 6 5 0 0
270 141 0 0 0 0 0 0 0 0
274 18 1 1 6 0 0 0 0 0
279 6 0 0 0 0 0 6 0 0
280 24 1 1 6 0 0 6 0 0
281 18 1 1 6 0 0 0 0 0
291 6 0 0 0 0 0 6 0 0
294 32 0 0 19 3 0 6 2 0
296 12 1 1 0 0 0 0 0 0
299 20 0 0 10 0 0 0 0 0
301 7 0 0 0 0 0 0 0 0
303 36 0 0 12 0 0 0 0 0
306 156 1 1 52 0 0 0 0 0
308 208 0 0 0 0 0 0 0 0
310 208 0 0 52 0 0 52 0 0
311 104 0 0 0 0 0 52 17 17
312 156 0 0 52 0 0 52 5 5
313 156 0 0 52 0 0 52 2 2
316 156 0 0 52 0 0 0 0 0
321 40 0 0 0 0 0 0 0 0
324 36 1 1 12 0 0 0 0 0
329 7 0 0 0 0 0 0 0 0
334 12 2 2 0 0 0 0 0 0
337 10 0 0 5 0 0 0 0 0
341 141 0 0 141 0 0 0 0 0
343 292 1 1 146 0 0 0 0 0
347 141 0 0 141 0 0 0 0 0
348 564 0 0 141 0 0 141 37 37
349 423 0 0 141 0 0 141 0 0
350 141 0 0 0 0 0 141 17 17
353 462 1 1 152 0 0 0 0 0
357 141 0 0 0 0 0 0 0 0
364 615 0 0 0 0 0 0 0 0
365 410 0 0 205 0 0 0 0 0
366 36 0 0 0 0 0 12 0 0
372 12 0 0 0 0 0 0 0 0
373 10 0 0 5 0 0 0 0 0
374 10 0 0 5 0 0 0 0 0
375 4 0 0 2 0 0 0 0 0
377 4 1 1 3 0 0 0 0 0
379 124 0 0 32 2 0 0 0 0
380 60 1 1 0 0 0 0 0 0
382 2 0 0 1 0 0 0 0 0
383 5 1 1 0 0 0 1 0 0
394 63 1 1 56 0 0 0 0 0
fl=./elf/./elf/do-rel.h
fn=_dl_relocate_object_no_relro
48 14 0 0 0 0 0 0 0 0
49 42 0 0 14 2 0 0 0 0
50 70 0 0 0 0 0 14 0 0
51 7 1 1 7 0 0 0 0 0
53 70 0 0 28 1 0 0 0 0
72 14 0 0 2 0 0 0 0 0
73 21 1 1 7 0 0 7 1 0
80 42 2 2 14 0 0 0 0 0
83 3389 1 1 0 0 0 0 0 0
85 4508 1 1 1127 422 422 0 0 0
96 4 0 0 0 0 0 0 0 0
97 6 0 0 0 0 0 0 0 0
105 36 1 1 0 0 0 0 0 0
114 5864 0 0 0 0 0 0 0 0
117 48 1 1 12 7 0 12 1 0
120 40 0 0 20 4 0 10 0 0
122 10613 2 2 3553 1 0 0 0 0
124 17625 0 0 10575 2159 1214 0 0 0
125 14100 0 0 3525 0 0 3525 1 0
126 13772 0 0 6886 0 0 6886 0 0
127 13772 0 0 3443 1 0 0 0 0
129 10575 1 1 0 0 0 0 0 0
132 328 0 0 82 1 0 82 0 0
133 82 0 0 0 0 0 82 0 0
134 82 0 0 0 0 0 0 0 0
141 10351 0 0 3443 0 0 0 0 0
142 126 1 1 42 1 0 0 0 0
155 12 0 0 0 0 0 0 0 0
156 324 2 2 6 0 0 3 0 0
157 291 0 0 97 0 0 0 0 0
160 246 1 1 164 0 0 0 0 0
162 328 0 0 82 0 0 82 0 0
163 82 0 0 82 0 0 0 0 0
164 82 0 0 82 0 0 0 0 0
171 22 2 2 8 0 0 0 0 0
173 42 1 1 12 2 2 6 0 0
174 12 0 0 12 0 0 0 0 0
176 18 0 0 0 0 0 0 0 0
184 6 0 0 0 0 0 6 0 0
187 18 0 0 6 0 0 0 0 0
202 5 0 0 3 0 0 0 0 0
fn=_dl_start
48 2 0 0 0 0 0 0 0 0
49 6 0 0 2 0 0 0 0 0
50 8 1 1 0 0 0 0 0 0
51 1 1 1 1 0 0 0 0 0
53 10 0 0 4 0 0 0 0 0
56 4 0 0 0 0 0 0 0 0
61 8 0 0 0 0 0 0 0 0
63 2 1 1 1 0 0 0 0 0
64 2 0 0 0 0 0 0 0 0
65 1 0 0 1 0 0 0 0 0
fl=./elf/./elf/get-dynamic-info.h
fn=_dl_map_object_from_fd
39 10 0 0 0 0 0 0 0 0
43 5 0 0 0 0 0 0 0 0
45 567 1 1 143 40 40 0 0 0
49 276 0 0 0 0 0 0 0 0
51 74 0 0 0 0 0 0 0 0
52 37 0 0 0 0 0 0 0 0
53 6 0 0 0 0 0 0 0 0
54 124 0 0 0 0 0 0 0 0
55 104 0 0 0 0 0 0 0 0
56 25 0 0 0 0 0 0 0 0
59 20 1 1 0 0 0 0 0 0
62 20 1 1 0 0 0 0 0 0
64 20 0 0 0 0 0 0 0 0
68 138 0 0 0 0 0 138 33 33
72 20 0 0 5 0 0 0 0 0
84 17 0 0 7 0 0 0 0 0
85 20 1 1 10 0 0 0 0 0
86 20 0 0 10 0 0 0 0 0
87 20 0 0 10 0 0 0 0 0
88 17 0 0 7 3 3 0 0 0
89 19 1 1 9 1 1 0 0 0
90 19 0 0 9 1 1 0 0 0
91 20 0 0 10 0 0 0 0 0
103 40 1 1 10 0 0 5 0 0
110 15 0 0 5 0 0 0 0 0
115 8 0 0 4 0 0 0 0 0
122 8 0 0 4 0 0 0 0 0
123 15 0 0 10 0 0 0 0 0
129 15 0 0 5 0 0 0 0 0
130 6 0 0 4 0 0 0 0 0
147 15 1 1 5 0 0 0 0 0
152 4 0 0 2 0 0 2 1 1
154 4 0 0 0 0 0 0 0 0
156 4 0 0 0 0 0 0 0 0
158 4 0 0 0 0 0 0 0 0
159 2 0 0 0 0 0 2 0 0
162 15 1 1 5 0 0 0 0 0
164 9 0 0 3 0 0 3 0 0
165 6 0 0 0 0 0 0 0 0
174 6 1 1 3 0 0 0 0 0
175 9 1 1 0 0 0 0 0 0
180 6 0 0 0 0 0 0 0 0
181 4 0 0 2 0 0 2 0 0
184 10 0 0 5 0 0 0 0 0
fl=./elf/./elf/libc-dl-profstub.c
fn=_dl_mcount_wrapper_check
40 128 1 1 0 0 0 0 0 0
41 384 0 0 256 0 0 0 0 0
42 128 0 0 128 0 0 0 0 0
fl=./elf/./elf/libc_early_init.c
fn=__libc_early_init
34 8 1 1 1 0 0 3 0 0
36 1 1 1 0 0 0 1 0 0
39 2 0 0 1 0 0 1 1 1
42 2 0 0 0 0 0 2 1 1
47 2 0 0 0 0 0 1 0 0
50 4 1 1 2 0 0 0 0 0
51 2 0 0 2 0 0 0 0 0
fl=./elf/./elf/rtld.c
fn=_dl_start
84 8 0 0 0 0 0 2 1 1
454 1 0 0 0 0 0 1 1 1
458 5 1 1 1 0 0 1 0 0
476 2 0 0 0 0 0 1 0 0
477 2 1 1 0 0 0 1 0 0
479 1 0 0 0 0 0 1 1 1
481 2 0 0 0 0 0 1 0 0
490 1 0 0 0 0 0 1 0 0
496 4 1 0 1 0 0 1 0 0
498 2 0 0 1 0 0 0 0 0
519 10 1 1 0 0 0 7 2 2
545 1 0 0 0 0 0 1 1 1
548 2 0 0 0 0 0 1 0 0
549 1 0 0 1 1 1 0 0 0
565 189 4 4 28 6 6 5 0 0
567 1 1 1 1 0 0 0 0 0
585 9 1 0 7 2 0 0 0 0
fn=dl_main
84 20 3 3 0 0 0 0 0 0
91 15 1 1 0 0 0 0 0 0
92 2 0 0 0 0 0 1 1 0
100 9 0 0 4 2 0 0 0 0
196 2 0 0 0 0 0 1 0 0
198 1 0 0 0 0 0 1 0 0
223 4 0 0 4 0 0 0 0 0
224 5 1 1 2 0 0 0 0 0
225 4 1 1 0 0 0 0 0 0
295 3 0 0 0 0 0 3 0 0
301 1 0 0 0 0 0 1 0 0
302 1 0 0 0 0 0 1 0 0
820 1 0 0 1 0 0 0 0 0
822 1 0 0 0 0 0 1 0 0
831 1 0 0 0 0 0 1 0 0
833 1 0 0 0 0 0 1 1 0
838 1 0 0 0 0 0 1 0 0
1094 1 1 1 1 0 0 0 0 0
1095 1 0 0 1 0 0 0 0 0
1097 1 0 0 0 0 0 0 0 0
1101 3 0 0 2 1 1 1 1 1
1103 1 0 0 1 0 0 0 0 0
1104 1 0 0 1 0 0 0 0 0
1119 1 0 0 0 0 0 0 0 0
1122 55 1 1 3 0 0 0 0 0
1123 130 2 2 24 8 8 2 0 0
1127 3 1 1 1 0 0 1 0 0
1132 3 0 0 2 0 0 1 0 0
1133 9 1 1 2 0 0 1 0 0
1142 1 0 0 0 0 0 1 0 0
1143 2 0 0 2 1 1 0 0 0
1145 2 1 1 0 0 0 1 0 0
1147 1 0 0 0 0 0 0 0 0
1155 8 0 0 4 0 0 0 0 0
1156 24 1 1 8 1 1 0 0 0
1157 8 0 0 4 0 0 0 0 0
1158 1 0 0 0 0 0 1 0 0
1160 12 0 0 4 0 0 0 0 0
1161 14 0 0 0 0 0 0 0 0
1165 8 1 1 4 3 3 0 0 0
1166 8 0 0 4 0 0 0 0 0
1167 4 0 0 0 0 0 4 0 0
1171 8 0 0 0 0 0 0 0 0
1203 3 0 0 2 1 1 1 0 0
1209 28 0 0 0 0 0 0 0 0
1210 64 0 0 14 0 0 0 0 0
1216 18 0 0 0 0 0 1 0 0
1222 4 0 0 2 1 1 0 0 0
1225 3 1 1 2 0 0 0 0 0
1227 2 0 0 1 0 0 0 0 0
1252 2 0 0 1 1 1 0 0 0
1253 2 0 0 1 0 0 0 0 0
1255 2 0 0 1 0 0 0 0 0
1257 1 1 1 0 0 0 1 1 1
1258 2 0 0 1 0 0 1 0 0
1261 1 0 0 1 0 0 0 0 0
1267 1 0 0 0 0 0 0 0 0
1268 28 0 0 0 0 0 0 0 0
1269 11 0 0 0 0 0 0 0 0
1270 22 0 0 11 6 6 0 0 0
1272 16 1 1 5 2 2 0 0 0
1273 8 0 0 4 0 0 0 0 0
1274 16 0 0 0 0 0 0 0 0
1279 12 0 0 4 1 1 0 0 0
1286 3 1 1 0 0 0 0 0 0
1287 2 0 0 1 0 0 0 0 0
1289 3 0 0 2 1 1 1 0 0
1356 13 2 2 0 0 0 8 1 1
1361 1 0 0 0 0 0 0 0 0
1362 1 0 0 0 0 0 1 0 0
1368 1 0 0 0 0 0 1 1 1
1378 3 1 1 2 0 0 1 1 1
1379 4 0 0 2 0 0 0 0 0
1646 9 1 1 0 0 0 2 0 0
1648 2 0 0 0 0 0 0 0 0
1649 3 1 1 0 0 0 1 0 0
1650 2 0 0 1 0 0 1 0 0
1651 3 0 0 2 0 0 1 0 0
1655 2 0 0 0 0 0 1 0 0
1656 2 0 0 1 0 0 0 0 0
1679 1 0 0 0 0 0 1 0 0
1685 3 0 0 1 0 0 0 0 0
1686 6 1 1 2 0 0 1 0 0
1689 1 1 1 0 0 0 1 1 1
1690 1 0 0 0 0 0 1 0 0
1691 1 0 0 0 0 0 1 0 0
1693 2 0 0 1 0 0 0 0 0
1694 3 0 0 0 0 0 1 0 0
1699 2 0 0 1 0 0 0 0 0
1701 2 0 0 0 0 0 0 0 0
1714 2 1 1 1 0 0 1 0 0
1717 2 0 0 1 0 0 0 0 0
1742 4 0 0 1 0 0 1 0 0
1744 1 0 0 0 0 0 1 0 0
1749 2 1 1 1 0 0 0 0 0
1752 4 2 2 2 0 0 1 0 0
1753 4 0 0 1 0 0 1 0 0
1754 3 0 0 2 0 0 1 0 0
1755 1 0 0 0 0 0 1 0 0
1756 1 0 0 1 0 0 0 0 0
1757 1 1 1 1 0 0 0 0 0
1762 2 1 1 1 1 1 0 0 0
1771 2 1 1 1 0 0 0 0 0
1775 1 0 0 0 0 0 1 0 0
1776 2 0 0 1 0 0 0 0 0
1800 2 1 1 0 0 0 2 0 0
1806 3 0 0 0 0 0 1 0 0
1807 1 0 0 0 0 0 0 0 0
1811 3 0 0 1 0 0 1 0 0
1816 3 1 1 2 0 0 0 0 0
1818 1 0 0 0 0 0 0 0 0
1820 2 0 0 1 0 0 0 0 0
1824 5 1 1 2 0 0 1 0 0
1829 2 0 0 1 0 0 0 0 0
1845 5 0 0 0 0 0 1 0 0
1921 4 1 1 2 0 0 0 0 0
1925 19 3 3 1 0 0 0 0 0
1926 1 0 0 0 0 0 0 0 0
1929 3 0 0 0 0 0 1 0 0
1930 1 0 0 1 0 0 0 0 0
1931 2 0 0 0 0 0 0 0 0
1932 2 0 0 0 0 0 0 0 0
1937 3 0 0 1 0 0 0 0 0
1947 9 1 1 2 0 0 1 0 0
1953 29 1 1 1 0 0 0 0 0
1954 14 0 0 14 0 0 0 0 0
1957 3 0 0 2 0 0 1 0 0
1958 2 0 0 0 0 0 0 0 0
1959 1 0 0 0 0 0 1 0 0
1961 26 1 1 1 1 0 0 0 0
1962 18 0 0 6 0 0 0 0 0
1969 4 1 1 2 0 0 1 0 0
1970 3 0 0 1 1 0 0 0 0
1972 2 0 0 0 0 0 1 0 0
1974 2 0 0 0 0 0 0 0 0
1976 3 1 1 1 1 0 0 0 0
1990 7 2 1 1 0 0 0 0 0
1991 2 0 0 1 0 0 1 0 0
1992 3 0 0 1 0 0 0 0 0
2002 1 0 0 0 0 0 1 1 0
2003 4 0 0 0 0 0 1 0 0
2004 5 1 1 0 0 0 1 0 0
2014 1 0 0 1 0 0 0 0 0
2015 2 0 0 1 1 0 0 0 0
2016 4 2 2 0 0 0 2 0 0
2018 2 1 1 1 1 0 0 0 0
2023 3 1 1 1 0 0 0 0 0
2222 3 0 0 1 0 0 1 0 0
2226 2 0 0 1 0 0 1 0 0
2232 2 0 0 1 0 0 1 1 0
2235 2 1 1 1 0 0 0 0 0
2243 2 0 0 2 1 0 0 0 0
2247 3 0 0 1 0 0 0 0 0
2250 1 0 0 1 1 0 0 0 0
2255 2 0 0 1 0 0 0 0 0
2259 7 0 0 2 0 0 1 0 0
2260 1 0 0 1 0 0 0 0 0
2268 2 1 1 2 1 0 0 0 0
2269 32 0 0 3 1 0 2 0 0
2271 14 1 1 14 4 0 0 0 0
2276 14 0 0 14 7 0 0 0 0
2278 16 0 0 0 0 0 0 0 0
2280 1 1 1 0 0 0 1 0 0
2281 1 0 0 1 0 0 0 0 0
2284 7 0 0 7 1 0 0 0 0
2286 56 1 1 14 7 1 7 0 0
2290 20 0 0 10 6 0 0 0 0
2291 9 0 0 0 0 0 3 0 0
2298 1 0 0 0 0 0 1 0 0
2304 2 0 0 1 0 0 0 0 0
2308 4 0 0 1 0 0 0 0 0
2310 1 1 1 1 0 0 0 0 0
2317 4 0 0 1 1 0 1 0 0
2320 2 0 0 1 1 0 0 0 0
2324 3 1 1 2 1 0 0 0 0
2327 1 0 0 0 0 0 1 0 0
2332 2 0 0 1 0 0 0 0 0
2336 6 0 0 3 0 0 1 0 0
2339 1 0 0 0 0 0 1 0 0
2340 2 0 0 0 0 0 1 0 0
2343 2 0 0 0 0 0 1 0 0
2347 2 1 1 1 0 0 1 0 0
2352 3 0 0 1 0 0 1 0 0
2359 1 0 0 0 0 0 1 0 0
2363 3 0 0 0 0 0 1 0 0
2364 3 0 0 0 0 0 1 0 0
2365 1 0 0 0 0 0 0 0 0
2368 3 0 0 0 0 0 1 0 0
2372 1 0 0 0 0 0 1 0 0
2377 8 1 0 7 1 0 0 0 0
2513 1 0 0 1 0 0 0 0 0
2584 1 0 0 0 0 0 1 1 1
2586 1 0 0 0 0 0 0 0 0
2588 15 1 1 0 0 0 3 0 0
2590 2 0 0 0 0 0 0 0 0
2592 109 0 0 21 0 0 0 0 0
2593 19 0 0 0 0 0 0 0 0
2601 14 1 1 2 1 1 0 0 0
2626 2 1 1 1 0 0 0 0 0
2636 4 1 1 2 0 0 0 0 0
2638 2 0 0 0 0 0 1 0 0
2639 1 0 0 0 0 0 0 0 0
2673 5 2 2 2 0 0 0 0 0
2675 2 0 0 0 0 0 1 0 0
2676 2 1 1 0 0 0 1 0 0
2677 1 0 0 0 0 0 0 0 0
2712 2 0 0 1 0 0 0 0 0
2722 5 0 0 1 0 0 0 0 0
2745 4 1 1 1 0 0 1 0 0
fn=handle_preload_list
182 3 0 0 1 0 0 0 0 0
789 1 0 0 0 0 0 1 1 1
793 2 0 0 1 0 0 1 0 0
795 1 0 0 0 0 0 1 0 0
797 2 0 0 1 0 0 0 0 0
799 15 1 1 2 0 0 5 1 1
800 3 1 1 1 0 0 0 0 0
808 3 0 0 1 0 0 0 0 0
852 11 1 1 1 1 1 6 0 0
853 3 1 1 0 0 0 0 0 0
857 5 0 0 2 0 0 0 0 0
860 4 2 2 0 0 0 1 0 0
861 3 0 0 0 0 0 0 0 0
863 4 0 0 0 0 0 1 0 0
864 2 0 0 0 0 0 1 0 0
870 1 0 0 0 0 0 0 0 0
872 2 0 0 1 0 0 0 0 0
874 2 0 0 1 0 0 0 0 0
875 1 0 0 0 0 0 0 0 0
878 9 0 0 7 0 0 0 0 0
fn=init_tls
734 4 1 1 0 0 0 3 0 0
736 2 0 0 1 0 0 1 0 0
740 2 0 0 1 0 0 0 0 0
746 2 1 1 0 0 0 1 0 0
749 1 0 0 0 0 0 1 0 0
750 1 0 0 0 0 0 0 0 0
751 1 0 0 0 0 0 0 0 0
756 1 0 0 0 0 0 1 0 0
759 2 0 0 0 0 0 1 0 0
762 1 0 0 0 0 0 1 0 0
769 2 0 0 0 0 0 1 0 0
770 2 0 0 0 0 0 0 0 0
776 2 0 0 1 0 0 1 0 0
780 1 0 0 0 0 0 1 0 0
783 5 0 0 4 0 0 0 0 0
fn=map_doit
641 6 1 1 0 0 0 2 1 1
643 4 0 0 1 0 0 0 0 0
644 6 0 0 2 0 0 2 0 0
646 3 0 0 3 0 0 0 0 0
fn=version_check_doit
674 6 1 1 0 0 0 2 0 0
676 6 0 0 2 0 0 1 0 0
680 3 1 1 3 0 0 0 0 0
fl=./elf/./get-dynamic-info.h
fn=_dl_start
45 76 1 1 19 6 6 0 0 0
49 36 0 0 0 0 0 0 0 0
51 10 0 0 0 0 0 0 0 0
52 5 0 0 0 0 0 0 0 0
54 20 1 1 0 0 0 0 0 0
55 16 0 0 0 0 0 0 0 0
56 5 0 0 0 0 0 0 0 0
59 4 2 2 0 0 0 0 0 0
62 4 1 1 0 0 0 0 0 0
64 4 0 0 0 0 0 0 0 0
68 20 0 0 0 0 0 18 7 7
72 3 0 0 0 0 0 0 0 0
84 4 0 0 2 0 0 0 0 0
85 3 0 0 1 1 1 0 0 0
86 4 1 1 2 0 0 0 0 0
87 4 0 0 2 0 0 0 0 0
88 5 0 0 2 0 0 0 0 0
89 3 0 0 1 0 0 0 0 0
90 4 1 1 2 0 0 0 0 0
91 4 0 0 2 0 0 0 0 0
103 10 1 1 2 0 0 1 0 0
110 3 1 1 1 1 1 0 0 0
123 3 1 1 2 0 0 0 0 0
129 3 0 0 1 0 0 0 0 0
130 3 0 0 2 0 0 0 0 0
133 2 1 1 1 0 0 0 0 0
134 3 0 0 1 0 0 0 0 0
139 5 0 0 2 0 0 0 0 0
142 5 1 1 2 0 0 0 0 0
fn=dl_main
39 4 0 0 2 0 0 0 0 0
43 1 0 0 0 0 0 0 0 0
45 115 0 0 29 8 8 0 0 0
49 56 1 1 0 0 0 0 0 0
51 12 0 0 0 0 0 0 0 0
52 6 0 0 0 0 0 0 0 0
54 24 1 1 0 0 0 0 0 0
55 20 0 0 0 0 0 0 0 0
56 5 1 1 0 0 0 0 0 0
59 4 1 1 0 0 0 0 0 0
62 4 1 1 0 0 0 0 0 0
64 4 1 1 0 0 0 0 0 0
68 28 0 0 0 0 0 28 8 8
72 7 1 1 4 0 0 0 0 0
84 3 0 0 1 0 0 0 0 0
85 5 1 1 3 0 0 0 0 0
86 5 0 0 3 0 0 0 0 0
87 5 0 0 3 0 0 0 0 0
88 4 1 1 2 0 0 0 0 0
89 5 0 0 3 0 0 0 0 0
90 5 0 0 3 0 0 0 0 0
91 5 1 1 3 0 0 0 0 0
103 9 1 1 3 0 0 1 0 0
110 3 0 0 1 0 0 0 0 0
115 2 1 1 1 0 0 0 0 0
122 3 0 0 2 0 0 0 0 0
123 4 0 0 3 0 0 0 0 0
129 3 0 0 1 0 0 0 0 0
147 4 1 1 2 0 0 0 0 0
152 2 0 0 1 0 0 1 1 1
154 2 0 0 0 0 0 0 0 0
156 2 0 0 0 0 0 0 0 0
158 2 1 1 0 0 0 0 0 0
159 2 0 0 1 0 0 1 0 0
162 4 0 0 2 0 0 0 0 0
164 3 0 0 1 0 0 1 0 0
165 2 1 1 0 0 0 0 0 0
174 2 0 0 1 0 0 0 0 0
175 3 1 1 0 0 0 0 0 0
180 2 0 0 0 0 0 0 0 0
181 3 0 0 2 0 0 1 0 0
184 3 0 0 2 0 0 0 0 0
fl=./elf/./setup-vdso.h
fn=dl_main
24 2 1 1 1 0 0 0 0 0
fl=./iconv/./iconv/gconv_simple.c
fn=__gconv_btwoc_ascii
49 128 1 1 0 0 0 0 0 0
51 512 0 0 0 0 0 0 0 0
54 128 0 0 128 0 0 0 0 0
fl=./io/../sysdeps/unix/sysv/linux/access.c
fn=access
25 1 0 0 0 0 0 0 0 0
27 7 0 0 0 0 0 1 0 0
31 1 0 0 1 0 0 0 0 0
fl=./io/../sysdeps/unix/sysv/linux/close_nocancel.c
fn=__GI___close_nocancel
25 6 1 1 0 0 0 0 0 0
26 24 0 0 0 0 0 0 0 0
27 6 0 0 6 0 0 0 0 0
fl=./io/../sysdeps/unix/sysv/linux/fstat64.c
fn=fstat
30 7 2 2 0 0 0 0 0 0
39 28 1 1 0 0 0 0 0 0
72 7 0 0 7 0 0 0 0 0
fl=./io/../sysdeps/unix/sysv/linux/fstatat64.c
fn=fstatat
91 6 0 0 0 0 0 0 0 0
146 6 0 0 0 0 0 0 0 0
160 4 1 1 0 0 0 2 0 0
161 11 0 0 2 0 0 0 0 0
162 1 0 0 1 0 0 0 0 0
fl=./io/../sysdeps/unix/sysv/linux/open64_nocancel.c
fn=__open_nocancel
28 60 1 1 0 0 0 24 2 2
31 84 0 0 0 0 0 0 0 0
39 102 1 1 0 0 0 6 0 0
41 24 0 0 24 0 0 0 0 0
fl=./io/../sysdeps/unix/sysv/linux/pread64_nocancel.c
fn=__pread64_nocancel
25 4 0 0 0 0 0 0 0 0
26 8 0 0 0 0 0 0 0 0
27 2 0 0 2 0 0 0 0 0
fl=./io/../sysdeps/unix/sysv/linux/read_nocancel.c
fn=__read_nocancel
25 5 1 1 0 0 0 0 0 0
26 20 0 0 0 0 0 0 0 0
27 5 1 1 5 0 0 0 0 0
fl=./io/../sysdeps/unix/sysv/linux/stat64.c
fn=stat
28 6 0 0 0 0 0 0 0 0
29 12 0 0 0 0 0 0 0 0
fl=./io/../sysdeps/unix/sysv/linux/write.c
fn=write
25 12 1 1 0 0 0 4 0 0
26 28 0 0 0 0 0 8 0 0
27 8 0 0 8 0 0 0 0 0
fl=./libio/../include/printf_buffer.h
fn=vsnprintf
124 3 0 0 0 0 0 1 0 0
127 1 0 0 0 0 0 1 0 0
128 1 0 0 0 0 0 1 0 0
137 2 0 0 0 0 0 1 0 0
fl=./libio/../include/sys/sysmacros.h
fn=_IO_file_doallocate
47 6 1 1 0 0 0 0 0 0
fl=./libio/./libio/filedoalloc.c
fn=_IO_file_doallocate
68 9 1 1 1 0 0 4 0 0
74 9 0 0 3 2 2 1 0 0
76 4 0 0 1 0 0 0 0 0
79 2 0 0 0 0 0 0 0 0
81 2 1 1 1 0 0 0 0 0
84 1 0 0 1 0 0 0 0 0
87 5 0 0 1 0 0 0 0 0
91 2 1 1 0 0 0 1 0 0
92 2 0 0 0 0 0 0 0 0
94 5 0 0 0 0 0 1 0 0
95 1 0 0 0 0 0 0 0 0
96 8 0 0 6 0 0 0 0 0
fl=./libio/./libio/fileops.c
fn=_IO_do_write@@GLIBC_2.2.5
458 37 3 2 0 0 0 12 0 0
460 31 0 0 0 0 0 0 0 0
461 21 0 0 17 0 0 0 0 0
468 8 0 0 4 0 0 0 0 0
475 16 0 0 8 0 0 0 0 0
483 28 1 1 8 0 0 8 0 0
484 24 1 1 8 0 0 0 0 0
486 12 0 0 4 0 0 8 0 0
487 8 0 0 0 0 0 4 0 0
488 4 0 0 0 0 0 4 0 0
489 8 1 1 4 0 0 0 0 0
490 16 0 0 4 0 0 0 0 0
fn=_IO_file_overflow@@GLIBC_2.2.5
766 144 2 2 0 0 0 48 0 0
767 72 0 0 24 0 0 0 0 0
774 118 0 0 24 0 0 0 0 0
777 2 1 1 0 0 0 0 0 0
779 2 1 1 0 0 0 2 0 0
780 7 1 1 2 0 0 2 0 0
789 3 0 0 1 0 0 0 0 0
798 3 1 1 1 0 0 0 0 0
799 1 0 0 0 0 0 0 0 0
800 1 0 0 0 0 0 1 0 0
801 1 0 0 0 0 0 1 0 0
802 1 0 0 0 0 0 1 0 0
803 3 0 0 1 0 0 2 0 0
805 3 0 0 0 0 0 1 0 0
806 5 1 1 1 0 0 0 0 0
807 2 0 0 0 0 0 1 0 0
809 48 0 0 0 0 0 0 0 0
810 2 0 0 0 0 0 0 0 0
811 25 0 0 23 0 0 0 0 0
812 44 0 0 22 0 0 0 0 0
815 66 0 0 0 0 0 44 0 0
816 66 0 0 22 0 0 0 0 0
817 88 0 0 0 0 0 0 0 0
818 9 0 0 0 0 0 3 0 0
819 9 0 0 6 0 0 0 0 0
821 22 0 0 0 0 0 0 0 0
822 70 0 0 70 0 0 0 0 0
fn=_IO_file_setbuf@@GLIBC_2.2.5
416 6 1 1 0 0 0 2 0 0
417 3 1 1 0 0 0 1 0 0
420 1 0 0 1 0 0 0 0 0
422 3 0 0 0 0 0 3 0 0
424 2 0 0 0 0 0 0 0 0
425 3 0 0 3 0 0 0 0 0
fn=_IO_file_stat
1207 1 1 1 0 0 0 0 0 0
1208 2 0 0 1 0 0 0 0 0
fn=_IO_file_sync@@GLIBC_2.2.5
827 78 1 1 0 0 0 26 0 0
832 52 0 0 26 1 1 0 0 0
834 26 1 1 26 0 0 0 0 0
835 26 0 0 13 0 0 0 0 0
840 26 0 0 0 0 0 0 0 0
851 26 1 1 0 0 0 13 0 0
855 39 0 0 39 0 0 0 0 0
fn=_IO_file_write@@GLIBC_2.2.5
1234 32 1 1 0 0 0 20 0 0
1235 8 0 0 0 0 0 0 0 0
1236 24 0 0 0 0 0 0 0 0
1240 12 1 1 4 0 0 0 0 0
1241 12 0 0 4 0 0 4 0 0
1242 8 0 0 0 0 0 0 0 0
1247 4 0 0 4 0 0 0 0 0
1248 4 0 0 0 0 0 0 0 0
1249 4 0 0 0 0 0 0 0 0
1251 12 1 1 0 0 0 0 0 0
1252 12 0 0 4 0 0 0 0 0
1255 24 0 0 24 0 0 0 0 0
fn=_IO_file_xsputn@@GLIBC_2.2.5
478 2 1 1 0 0 0 0 0 0
480 1 0 0 0 0 0 0 0 0
1259 64 1 1 0 0 0 32 0 0
1261 1 1 1 0 0 0 0 0 0
1265 24 0 0 0 0 0 0 0 0
1266 8 0 0 0 0 0 0 0 0
1272 40 0 0 8 0 0 0 0 0
1274 22 0 0 15 0 0 0 0 0
1275 14 0 0 0 0 0 0 0 0
1278 181 1 1 0 0 0 0 0 0
1280 234 0 0 78 0 0 0 0 0
1282 1 1 1 0 0 0 0 0 0
1289 3 0 0 1 0 0 0 0 0
1290 6 0 0 0 0 0 0 0 0
1293 3 0 0 0 0 0 0 0 0
1295 14 0 0 0 0 0 0 0 0
1297 35 0 0 0 0 0 28 0 0
1298 14 0 0 7 0 0 0 0 0
1299 21 0 0 7 0 0 0 0 0
1301 14 0 0 0 0 0 0 0 0
1305 14 0 0 6 0 0 2 0 0
1311 4 1 1 4 0 0 0 0 0
1312 10 0 0 0 0 0 0 0 0
1314 6 0 0 0 0 0 0 0 0
1325 4 0 0 0 0 0 0 0 0
1326 5 0 0 0 0 0 2 0 0
1328 3 1 1 1 0 0 0 0 0
1329 56 1 1 40 0 0 0 0 0
fl=./libio/./libio/genops.c
fn=_IO_cleanup
810 5 0 0 0 0 0 3 0 0
811 8 2 2 3 0 0 2 0 0
814 12 0 0 4 0 0 0 0 0
818 3 1 1 0 0 0 3 0 0
819 36 2 2 15 0 0 6 0 0
827 6 0 0 3 0 0 0 0 0
829 9 1 1 3 0 0 0 0 0
832 9 0 0 3 0 0 0 0 0
834 6 0 0 2 0 0 0 0 0
836 4 1 1 1 0 0 0 0 0
838 2 0 0 0 0 0 1 0 0
840 3 0 0 2 0 0 1 0 0
841 1 0 0 0 0 0 1 0 0
845 5 0 0 2 0 0 1 0 0
847 3 0 0 1 0 0 0 0 0
854 3 1 1 0 0 0 3 0 0
856 38 0 0 13 0 0 6 0 0
857 3 0 0 0 0 0 3 0 0
861 8 2 2 2 0 0 2 0 0
862 2 0 0 0 0 0 1 0 0
882 11 2 2 1 0 0 6 0 0
883 2 0 0 0 0 0 1 0 0
895 11 0 0 8 0 0 0 0 0
fn=_IO_default_setbuf
356 5 0 0 1 0 0 0 0 0
358 1 0 0 0 0 0 1 0 0
359 1 0 0 0 0 0 1 0 0
363 2 0 0 0 0 0 1 0 0
478 10 2 2 0 0 0 4 0 0
479 5 0 0 2 0 0 1 0 0
481 4 0 0 0 0 0 0 0 0
483 3 1 1 1 0 0 1 0 0
484 2 0 0 0 0 0 0 0 0
488 1 1 1 0 0 0 0 0 0
492 4 0 0 0 0 0 3 0 0
493 1 0 0 0 0 0 0 0 0
494 6 0 0 5 0 0 0 0 0
fn=_IO_default_xsputn
397 11 1 1 0 0 0 7 0 0
400 4 1 1 0 0 0 0 0 0
401 1 1 1 1 0 0 0 0 0
405 84 1 1 42 0 0 0 0 0
425 182 0 0 60 0 0 20 0 0
427 20 0 0 0 0 0 0 0 0
430 8 0 0 7 0 0 0 0 0
fn=_IO_doallocbuf
369 4 1 1 0 0 0 1 0 0
370 2 0 0 1 0 0 0 0 0
372 4 1 1 1 0 0 0 0 0
373 6 1 1 2 1 1 2 0 0
376 2 0 0 2 0 0 0 0 0
fn=_IO_flush_all
713 11 1 1 1 0 0 6 0 0
714 2 1 1 0 0 0 0 0 0
718 5 0 0 0 0 0 3 0 0
719 8 2 2 3 1 1 2 0 0
722 12 0 0 4 0 0 0 0 0
724 3 1 1 0 0 0 3 0 0
725 36 2 2 15 2 2 6 0 0
727 18 1 1 9 2 2 0 0 0
734 9 0 0 3 1 0 0 0 0
735 12 0 0 6 0 0 0 0 0
742 39 2 2 15 0 0 6 0 0
743 3 0 0 0 0 0 3 0 0
747 8 2 2 2 0 0 2 0 0
748 2 0 0 0 0 0 1 0 0
752 11 0 0 8 0 0 0 0 0
fn=_IO_setb
355 5 1 1 0 0 0 1 0 0
356 4 0 0 2 0 0 0 0 0
358 1 0 0 0 0 0 1 0 0
359 1 0 0 0 0 0 1 0 0
361 6 0 0 0 0 0 1 0 0
364 2 0 0 2 0 0 0 0 0
fn=__overflow
225 2 1 1 0 0 0 0 0 0
227 6 0 0 2 0 0 0 0 0
229 4 0 0 4 0 0 0 0 0
fl=./libio/./libio/iofflush.c
fn=fflush
32 84 1 1 0 0 0 36 0 0
33 24 0 0 0 0 0 0 0 0
39 144 5 4 60 5 2 24 0 0
40 60 0 0 24 3 1 12 0 0
44 72 0 0 48 0 0 0 0 0
fl=./libio/./libio/iofwrite.c
fn=fwrite
31 72 1 1 0 0 0 40 0 0
32 16 0 0 0 0 0 0 0 0
35 40 1 1 0 0 0 0 0 0
37 96 1 1 40 4 4 16 0 0
38 39 1 1 8 1 1 1 0 0
43 24 0 0 24 0 0 0 0 0
44 48 1 1 16 1 1 24 0 0
45 40 1 1 24 0 0 0 0 0
74 16 1 1 0 0 0 0 0 0
75 8 0 0 0 0 0 0 0 0
78 64 0 0 48 0 0 0 0 0
fl=./libio/./libio/libioP.h
fn=_IO_cleanup
1037 4 2 2 0 0 0 0 0 0
1038 2 0 0 0 0 0 0 0 0
fn=_IO_default_setbuf
1037 3 0 0 0 0 0 0 0 0
1038 2 0 0 0 0 0 0 0 0
fn=_IO_default_xsputn
1037 43 0 0 0 0 0 0 0 0
1038 40 0 0 0 0 0 0 0 0
fn=_IO_do_write@@GLIBC_2.2.5
1037 12 0 0 0 0 0 0 0 0
1038 8 0 0 0 0 0 0 0 0
fn=_IO_doallocbuf
1037 3 0 0 0 0 0 0 0 0
1038 2 0 0 0 0 0 0 0 0
fn=_IO_file_doallocate
1037 3 1 1 0 0 0 0 0 0
1038 2 0 0 0 0 0 0 0 0
fn=_IO_file_xsputn@@GLIBC_2.2.5
1037 6 0 0 0 0 0 0 0 0
1038 6 0 0 0 0 0 2 0 0
fn=_IO_flush_all
1037 2 0 0 0 0 0 0 0 0
fn=__overflow
1037 6 2 1 0 0 0 0 0 0
1038 4 0 0 0 0 0 0 0 0
fn=fflush
991 24 0 0 12 0 0 0 0 0
992 108 0 0 48 0 0 24 0 0
1037 36 1 1 0 0 0 0 0 0
1038 24 0 0 0 0 0 0 0 0
fn=fwrite
991 40 0 0 8 0 0 0 0 0
992 80 2 2 32 0 0 16 0 0
1037 24 0 0 0 0 0 0 0 0
1038 24 0 0 0 0 0 8 0 0
fl=./libio/./libio/putc.c
fn=putc
25 14 2 1 0 0 0 6 0 0
28 4 0 0 2 0 0 0 0 0
29 12 1 1 4 0 0 0 0 0
34 8 1 1 6 0 0 0 0 0
fl=./libio/./libio/stdfiles.c
fn=_IO_stdfiles_init
64 1 1 1 0 0 0 0 0 0
66 2 0 0 0 0 0 0 0 0
67 12 0 0 4 4 0 0 0 0
68 3 0 0 0 0 0 0 0 0
69 3 0 0 0 0 0 3 1 0
70 1 0 0 1 0 0 0 0 0
fl=./libio/./libio/vsnprintf.c
fn=vsnprintf
63 2 0 0 0 0 0 0 0 0
66 1 0 0 0 0 0 1 0 0
75 3 0 0 2 0 0 0 0 0
76 1 0 0 0 0 0 1 0 0
87 2 0 0 0 0 0 1 0 0
96 4 1 1 0 0 0 1 0 0
102 9 2 2 1 0 0 3 0 0
104 6 0 0 5 0 0 0 0 0
fl=./libio/./libio/vtables.c
fn=check_stdfiles_vtables
545 1 1 1 0 0 0 0 0 0
546 4 0 0 2 2 0 0 0 0
547 3 1 1 2 1 0 0 0 0
548 3 0 0 2 1 0 0 0 0
550 1 0 0 1 0 0 0 0 0
fl=./locale/./locale/newlocale.c
fn=newlocale
43 13 2 2 1 0 0 7 0 0
55 2 0 0 0 0 0 0 0 0
56 1 0 0 0 0 0 0 0 0
63 2 1 1 0 0 0 0 0 0
66 3 0 0 0 0 0 0 0 0
73 4 0 0 2 0 0 0 0 0
75 1 1 1 0 0 0 0 0 0
277 12 1 1 9 0 0 0 0 0
fl=./locale/./locale/uselocale.c
fn=uselocale
30 4 2 2 0 0 0 0 0 0
31 12 2 2 8 2 1 0 0 0
33 8 0 0 0 0 0 0 0 0
35 4 0 0 0 0 0 0 0 0
36 4 0 0 0 0 0 0 0 0
37 4 0 0 0 0 0 4 0 0
65 12 0 0 8 6 3 4 0 0
66 12 0 0 8 0 0 4 0 0
67 12 2 2 8 1 0 4 0 0
70 12 0 0 0 0 0 0 0 0
71 4 0 0 4 0 0 0 0 0
fl=./malloc/../string/bits/string_fortified.h
fn=_int_malloc
59 104 1 1 0 0 0 96 12 12
fl=./malloc/../sysdeps/unix/sysv/linux/not-cancel.h
fn=__ptmalloc_init
96 7 1 1 1 0 0 1 0 0
fl=./malloc/./malloc/arena.c
fn=__libc_malloc2
151 3016 0 0 0 0 0 0 0 0
fn=__ptmalloc_init
251 6 1 1 0 0 0 3 0 0
275 2 0 0 1 0 0 0 0 0
288 4 1 1 1 1 0 1 0 0
292 4 1 1 0 0 0 1 0 0
293 4 0 0 0 0 0 1 0 0
294 4 1 1 0 0 0 1 0 0
295 4 0 0 0 0 0 1 0 0
296 4 0 0 0 0 0 1 0 0
297 4 1 1 0 0 0 1 0 0
298 4 0 0 0 0 0 1 0 0
300 4 0 0 0 0 0 1 0 0
301 4 0 0 0 0 0 1 0 0
302 4 1 1 0 0 0 1 0 0
305 4 0 0 0 0 0 1 0 0
307 4 0 0 1 1 1 0 0 0
317 8 0 0 6 0 0 0 0 0
fn=free
151 4518 0 0 0 0 0 0 0 0
fl=./malloc/./malloc/malloc.c
fn=__libc_malloc2
3247 9048 1 1 0 0 0 4524 0 0
3251 3016 0 0 1508 0 0 0 0 0
3253 4524 1 1 0 0 0 1508 0 0
3254 7540 1 1 1508 0 0 0 0 0
3279 7540 0 0 6032 0 0 0 0 0
fn=__ptmalloc_init
1853 385 0 0 0 0 0 0 0 0
1856 381 0 0 0 0 0 127 33 32
1864 2 0 0 0 0 0 1 0 0
2960 2 0 0 0 0 0 0 0 0
2974 3 2 2 1 1 1 0 0 0
2975 1 0 0 0 0 0 1 0 0
2976 5 0 0 0 0 0 0 0 0
fn=_int_free_chunk
4351 6024 1 1 0 0 0 3012 0 0
4356 4518 0 0 1506 0 0 0 0 0
4359 3012 0 0 3012 6 0 0 0 0
4362 3012 0 0 1506 0 0 0 0 0
4365 3012 2 2 0 0 0 0 0 0
4368 1506 0 0 0 0 0 1506 0 0
4373 3012 0 0 1506 0 0 1506 0 0
4400 4518 0 0 4518 0 0 0 0 0
fn=_int_free_maybe_trim
4528 16566 2 2 1506 0 0 10542 0 0
4531 3012 1 1 0 0 0 0 0 0
4533 5820 0 0 0 0 0 0 0 0
4536 7758 1 1 4365 1 1 0 0 0
4537 4860 1 1 2916 0 0 0 0 0
4550 12678 2 2 10638 0 0 0 0 0
fn=_int_free_merge_chunk
1895 4518 2 2 1506 0 0 0 0 0
4407 12048 2 2 0 0 0 9036 0 0
4408 1506 0 0 0 0 0 0 0 0
4414 7530 1 1 1506 0 0 0 0 0
4417 12048 1 1 3012 1 0 0 0 0
4422 4518 0 0 1506 6 2 0 0 0
4425 3012 0 0 0 0 0 0 0 0
4426 6024 0 0 1506 0 0 0 0 0
4433 3012 0 0 1506 0 0 0 0 0
4435 1498 0 0 1498 0 0 0 0 0
4436 1498 0 0 0 0 0 0 0 0
4437 1498 0 0 0 0 0 0 0 0
4438 5992 0 0 1498 0 0 0 0 0
4440 2996 0 0 0 0 0 1498 0 0
4445 4518 0 0 0 0 0 0 0 0
4446 10542 0 0 9036 0 0 0 0 0
4458 3012 0 0 1506 0 0 0 0 0
4464 3004 2 2 1502 1497 735 0 0 0
4465 2 0 0 0 0 0 1 0 0
4466 2 0 0 0 0 0 0 0 0
4468 1501 0 0 1501 0 0 0 0 0
4472 3004 0 0 0 0 0 0 0 0
4480 1502 0 0 0 0 0 0 0 0
4481 1502 0 0 1502 0 0 0 0 0
4482 3004 0 0 1502 0 0 0 0 0
4484 4506 0 0 0 0 0 1502 3 2
4501 1502 0 0 0 0 0 1502 0 0
4502 1502 2 2 0 0 0 1502 0 0
4503 1502 0 0 0 0 0 1502 0 0
4504 1502 2 2 0 0 0 1502 0 0
4506 4506 0 0 0 0 0 1502 0 0
4507 1502 0 0 0 0 0 1502 0 0
4515 4 0 0 0 0 0 0 0 0
4516 12 0 0 0 0 0 4 0 0
4517 8 1 1 0 0 0 4 0 0
fn=_int_malloc
1288 9054 0 0 0 0 0 0 0 0
1888 4392 2 2 1464 1 1 0 0 0
1912 92 0 0 46 0 0 0 0 0
1921 2 0 0 1 0 0 0 0 0
2324 135 1 1 90 87 0 45 0 0
2325 45 1 1 0 0 0 0 0 0
2336 90 0 0 45 45 0 0 0 0
2361 225 0 0 90 0 0 45 0 0
2362 90 0 0 0 0 0 45 0 0
2371 532 1 1 132 0 0 0 0 0
2377 132 0 0 88 0 0 0 0 0
2380 180 1 1 0 0 0 0 0 0
2441 90 1 1 45 0 0 0 0 0
2449 90 0 0 45 0 0 0 0 0
2450 45 0 0 45 0 0 0 0 0
2460 90 0 0 45 0 0 0 0 0
2467 180 1 1 45 0 0 0 0 0
2475 90 0 0 0 0 0 0 0 0
2477 225 2 2 0 0 0 135 43 0
2478 180 0 0 90 0 0 0 0 0
2480 45 1 1 0 0 0 0 0 0
2483 90 0 0 0 0 0 0 0 0
2521 179 0 0 45 0 0 0 0 0
2522 2 1 1 0 0 0 1 0 0
2523 135 0 0 45 0 0 45 0 0
2529 268 1 1 45 0 0 0 0 0
2530 264 0 0 88 0 0 44 0 0
2532 4 2 2 1 0 0 0 0 0
2560 1 0 0 0 0 0 0 0 0
2572 3 0 0 0 0 0 0 0 0
2591 1 1 1 1 0 0 0 0 0
2594 2 0 0 0 0 0 0 0 0
2595 7 0 0 1 0 0 0 0 0
2597 2 0 0 0 0 0 0 0 0
2598 5 0 0 0 0 0 3 0 0
2610 4 1 1 2 0 0 0 0 0
2650 1 1 1 0 0 0 0 0 0
2652 1 0 0 0 0 0 1 0 0
2653 5 0 0 0 0 0 1 1 1
2654 1 0 0 1 0 0 0 0 0
2665 3 1 1 1 0 0 0 0 0
2698 135 1 1 90 0 0 0 0 0
2699 45 0 0 0 0 0 45 0 0
2703 45 1 1 45 0 0 0 0 0
2704 90 0 0 45 0 0 0 0 0
2707 90 0 0 45 0 0 0 0 0
2709 45 0 0 0 0 0 0 0 0
2710 45 0 0 0 0 0 0 0 0
2711 45 0 0 0 0 0 45 0 0
2712 315 0 0 0 0 0 45 0 0
2713 90 1 1 0 0 0 45 45 45
2715 45 0 0 0 0 0 0 0 0
2919 4 1 1 4 4 0 0 0 0
2941 3 1 1 1 0 0 1 0 0
3210 2 0 0 1 0 0 0 0 0
3215 2 0 0 1 0 0 1 0 0
3216 9 1 1 0 0 0 6 0 0
3220 7 0 0 5 0 0 0 0 0
3228 3 0 0 1 0 0 0 0 0
3229 13 0 0 1 0 0 10 0 0
3790 12072 1 1 0 0 0 9054 0 0
3822 3018 0 0 0 0 0 0 0 0
3831 3018 0 0 0 0 0 0 0 0
3847 3018 1 1 0 0 0 0 0 0
3849 6 0 0 0 0 0 0 0 0
3850 2 1 1 0 0 0 0 0 0
3852 3 0 0 1 1 0 0 0 0
3901 15109 2 2 0 0 0 0 0 0
3918 6036 1 1 1509 0 0 1509 0 0
3919 4527 0 0 0 0 0 0 0 0
3922 3 0 0 0 0 0 0 0 0
3924 9 0 0 0 0 0 6 0 0
3929 3 0 0 0 0 0 0 0 0
3930 6039 0 0 1510 2 1 0 0 0
3932 3 0 0 3 0 0 0 0 0
3933 6 0 0 3 1 1 0 0 0
3934 3 1 1 0 0 0 0 0 0
3936 6 0 0 0 0 0 0 0 0
3937 9 0 0 3 1 1 0 0 0
3939 3 0 0 3 1 1 0 0 0
3940 12 0 0 0 0 0 0 0 0
3942 12 0 0 3 0 0 0 0 0
3944 6 0 0 3 0 0 0 0 0
3945 6 1 1 3 0 0 0 0 0
3947 6 0 0 0 0 0 0 0 0
3958 12 0 0 0 0 0 0 0 0
3987 3 0 0 0 0 0 3 0 0
3988 3 0 0 0 0 0 3 0 0
3992 6 0 0 0 0 0 0 0 0
3994 4 1 1 0 0 0 2 0 0
3995 6 0 0 0 0 0 0 0 0
3998 6 0 0 0 0 0 0 0 0
4002 4 0 0 2 0 0 0 0 0
4013 4 0 0 0 0 0 0 0 0
4023 2 0 0 0 0 0 0 0 0
4031 13 5 5 0 0 0 0 0 0
4032 3 0 0 0 0 0 0 0 0
4033 1 0 0 1 1 1 0 0 0
4036 2 0 0 0 0 0 0 0 0
4083 6 2 2 2 0 0 1 0 0
4086 6 2 2 1 0 0 0 0 0
4087 1 0 0 0 0 0 1 0 0
4088 1 0 0 0 0 0 1 0 0
4089 1 0 0 0 0 0 1 0 0
4090 1 0 0 0 0 0 1 0 0
4095 1 0 0 0 0 0 0 0 0
4096 2 0 0 0 0 0 0 0 0
4105 3 0 0 0 0 0 0 0 0
4111 4 0 0 2 0 0 0 0 0
4122 3014 1 1 0 0 0 0 0 0
4124 6025 1 1 0 0 0 0 0 0
4127 4518 0 0 1506 6 1 0 0 0
4195 1507 1 1 0 0 0 0 0 0
4196 3014 1 1 0 0 0 0 0 0
4197 3014 0 0 0 0 0 0 0 0
4198 3014 0 0 1507 1 0 0 0 0
4199 4521 0 0 0 0 0 0 0 0
4204 6028 0 0 0 0 0 0 0 0
4208 4528 1 1 0 0 0 0 0 0
4211 12 1 1 3 0 0 0 0 0
4213 4 1 1 0 0 0 0 0 0
4214 2 0 0 0 0 0 0 0 0
4218 6 0 0 0 0 0 0 0 0
4220 2 0 0 0 0 0 0 0 0
4222 4 0 0 0 0 0 0 0 0
4226 1 0 0 1 0 0 0 0 0
4229 2 0 0 0 0 0 0 0 0
4238 2 0 0 1 0 0 0 0 0
4241 2 0 0 0 0 0 0 0 0
4243 5 0 0 0 0 0 3 0 0
4246 3 0 0 0 0 0 2 0 0
4249 6 1 1 4 0 0 0 0 0
4259 1 0 0 0 0 0 0 0 0
4264 1 0 0 1 0 0 0 0 0
4265 2 0 0 1 0 0 0 0 0
4268 4 0 0 0 0 0 1 1 1
4269 1 0 0 0 0 0 1 0 0
4270 1 0 0 0 0 0 1 0 0
4273 2 0 0 0 0 0 0 0 0
4275 3 0 0 0 0 0 0 0 0
4277 2 1 1 0 0 0 1 1 1
4280 8 0 0 0 0 0 1 0 0
4282 3 0 0 0 0 0 1 0 0
4283 1 0 0 0 0 0 1 0 0
4286 1 0 0 0 0 0 0 0 0
4308 3012 1 1 1506 0 0 1506 0 0
4309 4518 0 0 1506 0 0 1506 0 0
4311 3012 0 0 1506 0 0 0 0 0
4314 6024 0 0 0 0 0 1506 0 0
4316 1461 0 0 0 0 0 0 0 0
4317 2922 0 0 1461 0 0 0 0 0
4318 1461 0 0 0 0 0 1461 0 0
4319 11688 1 1 0 0 0 1461 0 0
4321 2922 0 0 0 0 0 1461 1461 1461
4324 1461 0 0 0 0 0 0 0 0
4335 45 0 0 0 0 0 0 0 0
4336 180 1 1 0 0 0 45 0 0
4340 13581 1 1 10563 0 0 0 0 0
fn=alloc_perturb
1887 45 1 1 0 0 0 0 0 0
1888 135 0 0 45 0 0 0 0 0
1890 45 0 0 45 0 0 0 0 0
fn=free
3319 1506 1 1 0 0 0 0 0 0
3322 3012 0 0 0 0 0 0 0 0
3330 1506 2 2 0 0 0 0 0 0
3333 4518 2 2 1506 5 0 0 0 0
3337 3012 0 0 0 0 0 0 0 0
3341 4518 0 0 1506 0 0 0 0 0
3370 3012 0 0 0 0 0 0 0 0
3374 4518 0 0 0 0 0 0 0 0
fn=malloc
1269 3016 0 0 0 0 0 0 0 0
1288 6032 0 0 0 0 0 0 0 0
3283 1508 1 1 0 0 0 0 0 0
3287 4524 0 0 1508 2 2 0 0 0
3289 3 0 0 0 0 0 0 0 0
3291 2 1 1 0 0 0 0 0 0
3293 6 0 0 3 3 3 0 0 0
3306 1508 1 1 0 0 0 0 0 0
fn=systrim.constprop.0
2734 12 0 0 0 0 0 4 0 0
2743 2916 1 1 1944 0 0 0 0 0
2745 972 0 0 0 0 0 0 0 0
2746 1944 0 0 0 0 0 0 0 0
2747 968 0 0 0 0 0 0 0 0
2750 2916 0 0 972 0 0 0 0 0
2751 972 1 1 0 0 0 0 0 0
2753 3888 0 0 1944 2 0 0 0 0
2755 1944 0 0 0 0 0 0 0 0
2762 20 0 0 0 0 0 12 0 0
2763 16 1 1 8 0 0 0 0 0
2775 16 0 0 4 0 0 8 0 0
2776 8 0 0 0 0 0 4 0 0
2778 8 0 0 4 0 0 0 0 0
2780 8 0 0 0 0 0 0 0 0
2784 16 0 0 8 0 0 0 0 0
2787 4 0 0 4 0 0 0 0 0
2788 16 0 0 4 0 0 4 0 0
2790 4 0 0 0 0 0 0 0 0
2795 976 0 0 976 0 0 0 0 0
fn=unlink_chunk.isra.0
1592 3000 1 1 0 0 0 1500 0 0
1594 7500 1 1 3000 0 0 0 0 0
1597 1500 0 0 1500 0 0 0 0 0
1598 1500 0 0 1500 0 0 0 0 0
1600 6000 0 0 3000 0 0 0 0 0
1603 1500 0 0 0 0 0 1500 0 0
1604 1500 0 0 0 0 0 1500 0 0
1605 7500 0 0 1500 1 0 0 0 0
1607 2 0 0 1 0 0 0 0 0
1608 3 1 1 2 0 0 0 0 0
1611 2 0 0 1 0 0 0 0 0
1625 1 0 0 0 0 0 1 0 0
1626 1 0 0 0 0 0 1 0 0
1629 3000 0 0 3000 0 0 0 0 0
fl=./malloc/./malloc/morecore.c
fn=__glibc_morecore
25 174 3 3 0 0 0 58 0 0
26 116 0 0 58 1 0 0 0 0
29 58 0 0 0 0 0 58 0 0
30 116 0 0 0 0 0 0 0 0
34 116 0 0 116 0 0 0 0 0
fl=./malloc/./malloc/scratch_buffer_set_array_size.c
fn=__libc_scratch_buffer_set_array_size
30 65 1 1 0 0 0 20 0 0
34 5 0 0 0 0 0 0 0 0
35 10 0 0 0 0 0 0 0 0
45 10 1 1 5 0 0 0 0 0
46 5 0 0 0 0 0 0 0 0
63 30 0 0 25 0 0 0 0 0
fl=./math/../sysdeps/x86_64/fpu/multiarch/e_asin.c
fn=__acos_finite@GLIBC_2.15
37 2 2 2 1 0 0 0 0 0
fn=__asin_finite@GLIBC_2.15
29 2 1 1 1 0 0 0 0 0
fl=./math/../sysdeps/x86_64/fpu/multiarch/e_atan2.c
fn=__atan2_finite@GLIBC_2.15
28 2 1 1 1 0 0 0 0 0
fl=./math/../sysdeps/x86_64/fpu/multiarch/e_atanh.c
fn=__atanh_finite@GLIBC_2.15
28 2 1 1 1 0 0 0 0 0
fl=./math/../sysdeps/x86_64/fpu/multiarch/e_exp.c
fn=__exp_finite@GLIBC_2.15
29 2 1 1 1 0 0 0 0 0
fl=./math/../sysdeps/x86_64/fpu/multiarch/e_exp2f.c
fn=exp2f@@GLIBC_2.27
29 6 1 1 3 0 0 0 0 0
fl=./math/../sysdeps/x86_64/fpu/multiarch/e_expf.c
fn=expf@@GLIBC_2.27
29 12 1 1 6 0 0 0 0 0
fl=./math/../sysdeps/x86_64/fpu/multiarch/e_log.c
fn=__log_finite@GLIBC_2.15
29 2 1 1 1 0 0 0 0 0
fl=./math/../sysdeps/x86_64/fpu/multiarch/e_log2.c
fn=log2@@GLIBC_2.29
29 6 1 1 3 0 0 0 0 0
fl=./math/../sysdeps/x86_64/fpu/multiarch/e_log2f.c
fn=log2f@@GLIBC_2.27
29 6 1 1 3 0 0 0 0 0
fl=./math/../sysdeps/x86_64/fpu/multiarch/e_logf.c
fn=logf@@GLIBC_2.27
29 6 1 1 3 0 0 0 0 0
fl=./math/../sysdeps/x86_64/fpu/multiarch/e_pow.c
fn=__pow_finite@GLIBC_2.15
29 2 1 1 1 0 0 0 0 0
fl=./math/../sysdeps/x86_64/fpu/multiarch/e_powf.c
fn=powf@@GLIBC_2.27
32 2 1 1 1 0 0 0 0 0
fl=./math/../sysdeps/x86_64/fpu/multiarch/e_sinh.c
fn=__sinh_finite@GLIBC_2.15
28 2 1 1 1 0 0 0 0 0
fl=./math/../sysdeps/x86_64/fpu/multiarch/ifunc-avx-fma4.h
fn=__atan2_finite@GLIBC_2.15
32 5 0 0 2 0 0 0 0 0
33 2 1 1 1 0 0 0 0 0
fn=__exp_finite@GLIBC_2.15
32 5 1 1 2 0 0 0 0 0
33 2 0 0 1 0 0 0 0 0
fn=__log_finite@GLIBC_2.15
32 5 0 0 2 0 0 0 0 0
33 2 1 1 1 0 0 0 0 0
fn=atan
32 5 0 0 2 0 0 0 0 0
33 2 1 1 1 0 0 0 0 0
fn=cos
32 5 0 0 2 0 0 0 0 0
33 2 0 0 1 0 0 0 0 0
fn=sin
32 5 0 0 2 0 0 0 0 0
33 2 0 0 1 0 0 0 0 0
fn=tan
32 5 0 0 2 0 0 0 0 0
33 2 0 0 1 0 0 0 0 0
fl=./math/../sysdeps/x86_64/fpu/multiarch/ifunc-fma.h
fn=__atanh_finite@GLIBC_2.15
29 4 0 0 2 0 0 0 0 0
30 4 1 1 1 0 0 0 0 0
fn=__log1p
29 4 0 0 2 0 0 0 0 0
30 4 1 1 1 0 0 0 0 0
fn=__sinh_finite@GLIBC_2.15
29 4 0 0 2 0 0 0 0 0
30 4 1 1 1 0 0 0 0 0
fn=cosf
29 4 0 0 2 0 0 0 0 0
30 4 1 1 1 0 0 0 0 0
fn=exp2f@@GLIBC_2.27
30 4 0 0 1 0 0 0 0 0
fn=expf@@GLIBC_2.27
30 8 1 1 2 0 0 0 0 0
fn=expm1
29 4 1 1 2 0 0 0 0 0
30 4 0 0 1 0 0 0 0 0
fn=log2@@GLIBC_2.29
30 4 1 1 1 0 0 0 0 0
fn=log2f@@GLIBC_2.27
30 4 0 0 1 0 0 0 0 0
fn=logf@@GLIBC_2.27
30 4 1 1 1 0 0 0 0 0
fn=powf@@GLIBC_2.27
29 4 1 1 2 0 0 0 0 0
30 4 0 0 1 0 0 0 0 0
fn=sincosf
29 4 1 1 2 0 0 0 0 0
30 4 0 0 1 0 0 0 0 0
fn=sinf
29 4 0 0 2 0 0 0 0 0
30 4 0 0 1 0 0 0 0 0
fl=./math/../sysdeps/x86_64/fpu/multiarch/ifunc-fma4.h
fn=__acos_finite@GLIBC_2.15
31 4 0 0 2 0 0 0 0 0
32 2 0 0 1 0 0 0 0 0
fn=__asin_finite@GLIBC_2.15
31 4 0 0 2 0 0 0 0 0
32 2 0 0 1 0 0 0 0 0
fn=__pow_finite@GLIBC_2.15
31 4 1 1 2 0 0 0 0 0
32 2 0 0 1 0 0 0 0 0
fn=sincos
31 4 0 0 2 0 0 0 0 0
32 2 0 0 1 0 0 0 0 0
fl=./math/../sysdeps/x86_64/fpu/multiarch/ifunc-sse4_1.h
fn=ceil
29 5 1 1 2 0 0 0 0 0
fn=ceilf
29 5 0 0 2 0 0 0 0 0
fn=floor
29 5 0 0 2 0 0 0 0 0
fn=floorf
29 5 1 1 2 0 0 0 0 0
fn=roundeven
29 5 0 0 2 0 0 0 0 0
fn=roundevenf
29 5 1 1 2 0 0 0 0 0
fn=trunc
29 5 1 1 2 0 0 0 0 0
fn=truncf
29 5 0 0 2 0 0 0 0 0
fl=./math/../sysdeps/x86_64/fpu/multiarch/s_atan.c
fn=atan
28 2 1 1 1 0 0 0 0 0
fl=./math/../sysdeps/x86_64/fpu/multiarch/s_ceil.c
fn=ceil
33 2 1 1 1 0 0 0 0 0
fl=./math/../sysdeps/x86_64/fpu/multiarch/s_ceilf.c
fn=ceilf
33 2 1 1 1 0 0 0 0 0
fl=./math/../sysdeps/x86_64/fpu/multiarch/s_cosf.c
fn=cosf
28 2 1 1 1 0 0 0 0 0
fl=./math/../sysdeps/x86_64/fpu/multiarch/s_expm1.c
fn=expm1
28 2 1 1 1 0 0 0 0 0
fl=./math/../sysdeps/x86_64/fpu/multiarch/s_floor.c
fn=floor
33 2 1 1 1 0 0 0 0 0
fl=./math/../sysdeps/x86_64/fpu/multiarch/s_floorf.c
fn=floorf
33 2 1 1 1 0 0 0 0 0
fl=./math/../sysdeps/x86_64/fpu/multiarch/s_fma.c
fn=fma
49 6 1 1 3 0 0 0 0 0
fl=./math/../sysdeps/x86_64/fpu/multiarch/s_fmaf.c
fn=fmaf
44 6 2 2 3 0 0 0 0 0
fl=./math/../sysdeps/x86_64/fpu/multiarch/s_log1p.c
fn=__log1p
28 2 1 1 1 0 0 0 0 0
fl=./math/../sysdeps/x86_64/fpu/multiarch/s_roundeven.c
fn=roundeven
32 2 1 1 1 0 0 0 0 0
fl=./math/../sysdeps/x86_64/fpu/multiarch/s_roundevenf.c
fn=roundevenf
32 2 1 1 1 0 0 0 0 0
fl=./math/../sysdeps/x86_64/fpu/multiarch/s_sin.c
fn=cos
36 2 2 2 1 0 0 0 0 0
fn=sin
29 2 1 1 1 0 0 0 0 0
fl=./math/../sysdeps/x86_64/fpu/multiarch/s_sincos.c
fn=sincos
29 2 1 1 1 0 0 0 0 0
fl=./math/../sysdeps/x86_64/fpu/multiarch/s_sincosf.c
fn=sincosf
28 2 1 1 1 0 0 0 0 0
fl=./math/../sysdeps/x86_64/fpu/multiarch/s_sinf.c
fn=sinf
28 2 1 1 1 0 0 0 0 0
fl=./math/../sysdeps/x86_64/fpu/multiarch/s_tan.c
fn=tan
28 2 2 2 1 0 0 0 0 0
fl=./math/../sysdeps/x86_64/fpu/multiarch/s_trunc.c
fn=trunc
33 2 1 1 1 0 0 0 0 0
fl=./math/../sysdeps/x86_64/fpu/multiarch/s_truncf.c
fn=truncf
33 2 1 1 1 0 0 0 0 0
fl=./misc/../sysdeps/unix/syscall-template.S
fn=mprotect
117 35 1 1 0 0 0 0 0 0
122 7 0 0 7 0 0 0 0 0
fn=munmap
117 5 1 1 0 0 0 0 0 0
122 1 0 0 1 0 0 0 0 0
fl=./misc/../sysdeps/unix/sysv/linux/brk.c
fn=brk
36 50 2 2 0 0 0 0 0 0
37 100 0 0 50 0 0 50 0 0
38 100 0 0 0 0 0 0 0 0
44 50 0 0 0 0 0 0 0 0
45 50 0 0 50 0 0 0 0 0
fl=./misc/../sysdeps/unix/sysv/linux/brk_call.h
fn=brk
24 100 0 0 0 0 0 0 0 0
fl=./misc/../sysdeps/unix/sysv/linux/mmap64.c
fn=mmap
47 182 2 2 0 0 0 78 3 3
50 52 0 0 0 0 0 0 0 0
53 107 1 1 5 0 0 0 0 0
58 156 0 0 0 0 0 0 0 0
60 104 0 0 104 0 0 0 0 0
fl=./misc/../sysdeps/unix/sysv/linux/setvmaname.c
fn=__is_decorate_maps_enabled
33 2 1 1 0 0 0 0 0 0
34 6 0 0 2 0 0 0 0 0
43 4 0 0 2 0 0 0 0 0
fn=__set_vma_name
34 11 0 0 3 0 0 0 0 0
37 12 1 1 4 0 0 3 0 0
42 1 0 0 0 0 0 1 0 0
60 9 2 2 0 0 0 1 0 0
70 5 0 0 4 0 0 1 0 0
fl=./misc/./misc/init-misc.c
fn=__init_misc
30 5 1 1 0 0 0 2 0 0
31 5 0 0 1 0 0 0 0 0
33 4 0 0 0 0 0 2 0 0
37 6 1 1 2 0 0 1 1 0
38 4 0 0 3 0 0 1 0 0
40 2 0 0 2 0 0 0 0 0
fl=./misc/./misc/sbrk.c
fn=sbrk
37 290 2 2 0 0 0 58 0 0
40 116 2 2 116 93 3 0 0 0
43 116 0 0 58 47 1 0 0 0
58 116 0 0 0 0 0 0 0 0
59 4 0 0 0 0 0 1 0 0
62 116 0 0 0 0 0 0 0 0
63 12 1 1 3 0 0 0 0 0
66 196 0 0 0 0 0 49 0 0
67 45 0 0 0 0 0 0 0 0
68 8 0 0 0 0 0 0 0 0
74 196 0 0 49 0 0 49 0 0
78 175 1 1 116 0 0 1 0 0
fl=./nptl/../sysdeps/nptl/futex-internal.h
fn=__pthread_once_slow.isra.0
189 8 0 0 0 0 0 0 0 0
fl=./nptl/./nptl/alloca_cutoff.c
fn=__libc_alloca_cutoff
27 1 1 1 0 0 0 0 0 0
28 9 0 0 1 1 1 0 0 0
35 1 0 0 1 0 0 0 0 0
fl=./nptl/./nptl/cancellation.c
fn=__syscall_cancel
37 8 0 0 8 1 1 0 0 0
38 8 0 0 4 0 0 0 0 0
40 12 1 1 4 0 0 0 0 0
74 20 1 1 0 0 0 4 0 0
79 8 0 0 0 0 0 0 0 0
80 12 0 0 8 0 0 0 0 0
fl=./nptl/./nptl/cleanup_compat.c
fn=_pthread_cleanup_pop@@GLIBC_2.34
40 1 0 0 0 0 0 0 0 0
43 2 0 0 1 0 0 1 0 0
47 2 0 0 0 0 0 0 0 0
49 1 0 0 1 0 0 0 0 0
fn=_pthread_cleanup_push@@GLIBC_2.34
25 1 1 1 0 0 0 0 0 0
28 1 0 0 0 0 0 1 0 0
29 1 0 0 0 0 0 1 0 0
30 2 0 0 1 1 0 1 0 0
32 1 1 1 0 0 0 1 0 0
33 1 0 0 1 0 0 0 0 0
fl=./nptl/./nptl/libc-cleanup.c
fn=__libc_cleanup_pop_restore
54 2 1 1 0 0 0 0 0 0
55 2 0 0 2 0 0 0 0 0
57 4 0 0 2 0 0 2 0 0
59 4 0 0 2 0 0 0 0 0
60 6 0 0 2 0 0 0 0 0
71 2 1 1 2 0 0 0 0 0
fn=__libc_cleanup_push_defer
24 2 1 1 0 0 0 0 0 0
25 2 0 0 2 0 0 0 0 0
27 4 1 1 2 0 0 2 0 0
29 4 0 0 2 1 0 0 0 0
32 4 0 0 0 0 0 0 0 0
46 6 0 0 0 0 0 2 0 0
48 2 0 0 0 0 0 2 0 0
49 2 0 0 2 0 0 0 0 0
fl=./nptl/./nptl/pthread_mutex_conf.c
fn=__pthread_tunables_init
55 5 1 1 0 0 0 2 0 0
56 6 0 0 1 0 0 2 0 0
58 4 1 1 0 0 0 1 0 0
60 4 0 0 0 0 0 1 0 0
62 6 0 0 5 0 0 0 0 0
fl=./nptl/./nptl/pthread_mutex_lock.c
fn=pthread_mutex_lock@@GLIBC_2.2.5
44 1 1 1 1 0 0 0 0 0
45 7 0 0 2 0 0 0 0 0
46 3 1 1 0 0 0 1 0 0
71 4 1 1 0 0 0 1 0 0
74 1 0 0 1 0 0 0 0 0
76 1 0 0 0 0 0 0 0 0
78 3 0 0 0 0 0 0 0 0
81 1 0 0 1 1 1 0 0 0
83 2 1 1 0 0 0 0 0 0
90 2 1 1 0 0 0 0 0 0
95 2 0 0 1 0 0 0 0 0
104 1 0 0 0 0 0 0 0 0
110 3 0 0 1 0 0 0 0 0
111 2 0 0 0 0 0 1 0 0
158 1 0 0 0 0 0 1 0 0
160 1 0 0 1 0 0 0 0 0
163 1 0 0 0 0 0 0 0 0
166 2 0 0 2 0 0 0 0 0
fl=./nptl/./nptl/pthread_mutex_unlock.c
fn=pthread_mutex_unlock@@GLIBC_2.2.5
39 1 0 0 1 0 0 0 0 0
40 4 0 0 1 0 0 0 0 0
41 1 0 0 0 0 0 1 0 0
51 1 0 0 1 0 0 0 0 0
52 2 0 0 0 0 0 0 0 0
55 2 0 0 0 0 0 0 0 0
60 1 0 0 0 0 0 1 0 0
63 1 0 0 1 0 0 0 0 0
68 1 0 0 0 0 0 0 0 0
70 1 0 0 0 0 0 0 0 0
72 2 1 1 0 0 0 0 0 0
75 3 0 0 2 0 0 0 0 0
78 2 0 0 1 0 0 0 0 0
357 4 2 2 0 0 0 1 0 0
359 2 0 0 2 0 0 0 0 0
fl=./nptl/./nptl/pthread_once.c
fn=__pthread_once_slow.isra.0
67 9 1 1 1 0 0 4 0 0
76 1 1 1 1 0 0 0 0 0
80 2 0 0 0 0 0 0 0 0
88 2 0 0 1 1 1 0 0 0
92 2 0 0 1 0 0 0 0 0
101 4 0 0 0 0 0 0 0 0
114 14 2 2 0 0 0 9 0 0
116 2 0 0 1 0 0 1 0 0
118 3 0 0 0 0 0 1 0 0
124 2 0 0 1 0 0 1 0 0
132 8 0 0 6 0 0 0 0 0
fn=pthread_once@@GLIBC_2.34
136 17 3 3 0 0 0 1 0 0
139 15 0 0 15 2 2 0 0 0
140 30 0 0 0 0 0 0 0 0
143 1 0 0 0 0 0 1 0 0
144 31 0 0 16 0 0 0 0 0
fl=./posix/../malloc/dynarray-skeleton.c
fn=__unregister_atfork
243 5 0 0 5 1 1 0 0 0
fl=./posix/../sysdeps/unix/sysv/linux/_exit.c
fn=_Exit
27 3 1 1 1 1 0 0 0 0
30 2 0 0 0 0 0 0 0 0
fl=./posix/./posix/register-atfork.c
fn=__unregister_atfork
71 10 0 0 0 0 0 0 0 0
82 25 1 1 0 0 0 5 0 0
83 20 0 0 5 1 1 0 0 0
109 20 1 1 10 0 0 0 0 0
110 10 0 0 10 0 0 0 0 0
fl=./resource/../sysdeps/unix/sysv/linux/getrlimit64.c
fn=getrlimit
38 2 1 1 0 0 0 0 0 0
39 7 0 0 0 0 0 0 0 0
40 1 0 0 1 0 0 0 0 0
fl=./setjmp/../sysdeps/x86_64/bsd-_setjmp.S
fn=_setjmp
28 1 1 1 0 0 0 0 0 0
30 1 0 0 0 0 0 0 0 0
32 1 0 0 0 0 0 0 0 0
fl=./setjmp/../sysdeps/x86_64/setjmp.S
fn=__sigsetjmp
31 14 2 2 0 0 0 0 0 0
33 14 0 0 0 0 0 14 0 0
42 14 0 0 0 0 0 0 0 0
43 28 0 0 14 0 0 0 0 0
44 14 0 0 0 0 0 14 0 0
48 14 0 0 0 0 0 14 1 1
49 14 1 1 0 0 0 14 0 0
50 14 0 0 0 0 0 14 0 0
51 14 0 0 0 0 0 14 0 0
52 14 0 0 0 0 0 0 0 0
54 28 1 1 14 0 0 0 0 0
56 14 0 0 0 0 0 14 0 0
57 14 0 0 14 0 0 0 0 0
58 14 0 0 0 0 0 0 0 0
60 28 0 0 14 0 0 0 0 0
62 14 0 0 0 0 0 14 0 0
67 1 1 1 1 1 0 0 0 0
68 1 0 0 0 0 0 0 0 0
70 13 0 0 0 0 0 0 0 0
73 13 0 0 0 0 0 0 0 0
74 13 0 0 0 0 0 13 1 1
81 13 0 0 0 0 0 0 0 0
82 13 0 0 13 0 0 0 0 0
85 1 0 0 0 0 0 0 0 0
fl=./setjmp/./setjmp/sigjmp.c
fn=__sigjmp_save
28 1 0 0 0 0 0 0 0 0
29 1 0 0 0 0 0 1 0 0
30 2 0 0 0 0 0 0 0 0
34 2 0 0 1 0 0 0 0 0
fl=./stdio-common/../include/../locale/localeinfo.h
fn=__printf_fp_l_buffer
330 3 1 1 3 2 2 0 0 0
fl=./stdio-common/../include/printf_buffer.h
fn=__printf_fp_buffer_1.isra.0
163 4 0 0 1 0 0 0 0 0
fl=./stdio-common/../include/rounding-mode.h
fn=__printf_fp_buffer_1.isra.0
52 2 1 1 0 0 0 0 0 0
fl=./stdio-common/../string/bits/string_fortified.h
fn=__printf_buffer_write
29 3 0 0 0 0 0 1 0 0
fn=__printf_fp_buffer_1.isra.0
29 4 1 1 2 0 0 2 0 0
fl=./stdio-common/../sysdeps/generic/get-rounding-mode.h
fn=__printf_fp_buffer_1.isra.0
94 1 1 1 0 0 0 1 0 0
95 7 1 1 1 0 0 0 0 0
fl=./stdio-common/../sysdeps/pthread/allocalim.h
fn=__printf_fp_buffer_1.isra.0
27 2 0 0 0 0 0 1 0 0
29 5 0 0 0 0 0 1 0 0
fl=./stdio-common/./stdio-common/Xprintf_buffer_done.c
fn=__printf_buffer_done
25 1 1 1 0 0 0 0 0 0
26 3 0 0 1 0 0 0 0 0
31 2 1 1 2 0 0 0 0 0
33 11 0 0 1 0 0 0 0 0
40 1 0 0 1 0 0 0 0 0
fl=./stdio-common/./stdio-common/Xprintf_buffer_write.c
fn=__printf_buffer_write
27 24 1 1 0 0 0 15 0 0
28 9 0 0 3 0 0 0 0 0
31 10 1 1 0 0 0 0 0 0
33 5 1 1 2 0 0 0 0 0
36 1 0 0 0 0 0 0 0 0
37 2 0 0 0 0 0 0 0 0
40 3 0 0 1 0 0 1 0 0
41 1 0 0 0 0 0 0 0 0
44 18 1 1 18 0 0 0 0 0
fl=./stdio-common/./stdio-common/printf-parse.h
fn=__printf_buffer
82 9 1 1 0 0 0 3 0 0
fl=./stdio-common/./stdio-common/printf_fp.c
fn=__printf_fp_buffer_1.isra.0
91 18 1 1 6 0 0 0 0 0
93 18 0 0 6 0 0 0 0 0
95 12 0 0 12 0 0 0 0 0
101 12 1 1 0 0 0 0 0 0
105 42 0 0 12 0 0 6 0 0
107 24 0 0 18 0 0 6 0 0
108 6 0 0 6 0 0 0 0 0
110 12 1 1 6 0 0 6 0 0
111 30 0 0 12 0 0 0 0 0
122 18 1 1 0 0 0 6 0 0
123 12 0 0 0 0 0 0 0 0
124 30 0 0 12 0 0 12 0 0
127 6 0 0 0 0 0 0 0 0
138 15 2 2 1 0 0 10 3 3
159 8 0 0 1 0 0 1 0 0
177 1 0 0 0 0 0 1 1 1
187 1 0 0 0 0 0 1 1 1
221 2 1 1 0 0 0 0 0 0
222 1 0 0 0 0 0 1 0 0
226 3 1 1 1 0 0 0 0 0
230 17 3 3 3 2 2 1 1 1
234 1 0 0 0 0 0 0 0 0
266 5 1 1 1 0 0 0 0 0
267 1 0 0 0 0 0 0 0 0
268 2 0 0 0 0 0 0 0 0
271 16 1 1 1 0 0 1 0 0
272 15 1 1 1 0 0 1 0 0
273 14 2 2 1 1 1 1 0 0
279 1 0 0 0 0 0 1 0 0
280 2 0 0 0 0 0 0 0 0
294 3 1 1 0 0 0 0 0 0
297 3 0 0 0 0 0 0 0 0
301 4 0 0 0 0 0 0 0 0
305 3 0 0 0 0 0 1 1 1
306 2 0 0 0 0 0 0 0 0
308 6 1 1 0 0 0 0 0 0
309 9 1 1 2 0 0 1 0 0
310 2 0 0 0 0 0 0 0 0
311 5 0 0 1 0 0 2 0 0
313 3 2 2 0 0 0 1 0 0
318 13 0 0 0 0 0 0 0 0
322 64 1 1 25 5 5 0 0 0
324 7 1 1 1 0 0 0 0 0
327 2 0 0 1 0 0 0 0 0
337 2 0 0 2 0 0 0 0 0
368 2 0 0 1 0 0 1 0 0
369 4 0 0 1 1 1 0 0 0
375 4 0 0 2 0 0 1 0 0
376 2 0 0 0 0 0 0 0 0
377 1 0 0 1 0 0 0 0 0
380 2 0 0 2 0 0 0 0 0
381 2 0 0 0 0 0 0 0 0
382 3 1 1 0 0 0 1 0 0
385 18 1 1 7 0 0 2 0 0
388 4 0 0 2 0 0 1 0 0
389 8 1 1 3 0 0 0 0 0
390 5 0 0 0 0 0 0 0 0
391 4 0 0 0 0 0 0 0 0
394 12 0 0 0 0 0 0 0 0
396 39 0 0 0 0 0 0 0 0
397 2 0 0 1 0 0 1 0 0
403 3 1 1 1 0 0 0 0 0
407 12 1 1 4 0 0 0 0 0
411 7 0 0 1 0 0 0 0 0
413 2 1 1 0 0 0 0 0 0
427 2 0 0 0 0 0 0 0 0
439 6 2 2 1 0 0 0 0 0
442 7 1 1 0 0 0 0 0 0
452 2 0 0 0 0 0 0 0 0
458 2 0 0 0 0 0 2 0 0
460 1 0 0 1 0 0 0 0 0
461 6 1 1 3 0 0 1 0 0
463 5 0 0 3 0 0 0 0 0
477 2 1 1 0 0 0 1 0 0
665 2 1 1 1 0 0 1 0 0
674 6 0 0 4 1 1 1 0 0
676 2 0 0 0 0 0 0 0 0
680 2 0 0 1 0 0 1 0 0
686 2 0 0 1 0 0 0 0 0
688 1 1 1 0 0 0 1 0 0
689 3 1 1 1 0 0 0 0 0
692 4 1 1 2 0 0 0 0 0
694 8 2 2 2 0 0 4 0 0
696 2 0 0 0 0 0 1 0 0
701 1 0 0 1 0 0 0 0 0
738 4 1 1 1 0 0 0 0 0
746 3 0 0 1 0 0 1 0 0
759 16 2 2 2 0 0 1 0 0
760 2 0 0 0 0 0 1 0 0
763 2 0 0 0 0 0 0 0 0
766 26 5 5 6 0 0 2 0 0
769 9 0 0 0 0 0 6 0 0
771 1 0 0 0 0 0 1 0 0
773 5 0 0 2 0 0 0 0 0
775 3 0 0 1 0 0 1 0 0
787 1 0 0 0 0 0 0 0 0
788 3 0 0 0 0 0 1 0 0
789 9 1 1 1 0 0 1 0 0
790 16 0 0 1 0 0 0 0 0
792 6 0 0 0 0 0 0 0 0
793 6 0 0 0 0 0 6 0 0
794 18 0 0 0 0 0 0 0 0
795 12 0 0 0 0 0 6 0 0
805 4 1 1 3 0 0 0 0 0
806 4 1 1 1 0 0 2 0 0
808 7 0 0 1 0 0 0 0 0
924 3 1 1 0 0 0 0 0 0
931 2 0 0 0 0 0 0 0 0
935 3 1 1 1 0 0 0 0 0
980 5 2 2 2 0 0 0 0 0
983 2 0 0 0 0 0 1 0 0
987 5 0 0 1 0 0 0 0 0
988 1 0 0 1 0 0 0 0 0
991 2 0 0 1 0 0 0 0 0
994 4 1 1 0 0 0 1 0 0
996 8 1 1 1 0 0 0 0 0
1001 2 0 0 0 0 0 0 0 0
1003 2 0 0 0 0 0 0 0 0
1006 2 1 1 0 0 0 0 0 0
1009 3 0 0 1 0 0 0 0 0
1022 4 1 1 1 0 0 1 0 0
1024 2 0 0 1 0 0 0 0 0
1028 2 1 1 1 0 0 0 0 0
1030 11 1 1 9 0 0 0 0 0
fn=__printf_fp_l_buffer
1099 15 2 2 1 0 0 8 1 1
1102 3 0 0 1 0 0 0 0 0
1111 1 0 0 0 0 0 1 1 1
1112 2 1 1 0 0 0 1 0 0
1115 5 1 1 1 0 0 3 0 0
1116 5 0 0 2 1 1 0 0 0
1117 2 0 0 0 0 0 0 0 0
1122 7 1 1 3 0 0 1 0 0
1126 1 0 0 0 0 0 0 0 0
1147 11 1 1 9 0 0 0 0 0
fn=hack_digit
88 24 0 0 0 0 0 12 0 0
91 12 1 1 4 0 0 0 0 0
93 12 0 0 4 0 0 0 0 0
95 8 0 0 8 0 0 0 0 0
101 8 0 0 0 0 0 0 0 0
105 28 1 1 8 0 0 4 0 0
107 16 0 0 12 0 0 4 0 0
108 4 0 0 4 0 0 0 0 0
110 8 0 0 4 0 0 4 0 0
111 24 1 1 8 0 0 0 0 0
122 20 1 1 4 0 0 8 0 0
123 12 0 0 4 0 0 0 0 0
124 20 0 0 8 0 0 8 0 0
127 8 0 0 0 0 0 0 0 0
128 24 0 0 16 0 0 0 0 0
fl=./stdio-common/./stdio-common/vfprintf-internal.c
fn=__printf_buffer
263 3 1 1 0 0 0 0 0 0
264 3 0 0 0 0 0 0 0 0
266 1 1 1 0 0 0 1 0 0
601 14 1 1 0 0 0 9 0 0
628 5 1 1 3 1 1 2 0 0
630 1 0 0 0 0 0 1 0 0
633 1 0 0 0 0 0 1 0 0
637 4 0 0 2 0 0 2 0 0
641 1 0 0 0 0 0 1 0 0
652 2 0 0 0 0 0 1 0 0
653 3 0 0 0 0 0 0 0 0
654 3 0 0 1 0 0 0 0 0
658 2 0 0 1 0 0 0 0 0
662 9 1 1 3 1 1 1 0 0
682 4 0 0 0 0 0 1 0 0
683 1 0 0 0 0 0 1 0 0
684 1 0 0 0 0 0 1 0 0
685 1 0 0 0 0 0 1 0 0
686 1 0 0 0 0 0 1 0 0
689 1 0 0 0 0 0 0 0 0
690 1 0 0 0 0 0 0 0 0
691 1 0 0 0 0 0 0 0 0
692 1 0 0 0 0 0 0 0 0
693 1 0 0 0 0 0 1 0 0
694 1 0 0 0 0 0 0 0 0
697 1 0 0 0 0 0 0 0 0
698 1 0 0 0 0 0 1 0 0
704 14 4 4 3 2 2 0 0 0
743 2 0 0 2 0 0 0 0 0
812 1 0 0 0 0 0 0 0 0
813 3 1 1 1 0 0 0 0 0
817 2 0 0 0 0 0 0 0 0
818 4 1 1 1 0 0 0 0 0
833 9 1 1 4 0 0 1 0 0
836 6 0 0 1 0 0 0 0 0
854 15 1 1 3 2 2 0 0 0
973 4 0 0 1 0 0 0 0 0
975 32 3 3 7 0 0 6 0 0
995 12 1 1 4 0 0 2 0 0
996 2 0 0 0 0 0 1 0 0
1000 1 1 1 0 0 0 0 0 0
1017 1 0 0 1 0 0 0 0 0
1023 1 0 0 0 0 0 0 0 0
1027 3 0 0 0 0 0 1 0 0
1028 2 0 0 0 0 0 0 0 0
1030 2 1 1 1 0 0 0 0 0
1043 11 1 1 9 0 0 0 0 0
fl=./stdio-common/./stdio-common/vfprintf-process-arg.c
fn=__printf_buffer
352 1 1 1 0 0 0 0 0 0
fl=./stdlib/../sysdeps/ieee754/dbl-64/dbl2mpn.c
fn=__mpn_extract_double
33 2 1 1 0 0 0 0 0 0
35 1 0 0 0 0 0 0 0 0
37 3 0 0 0 0 0 1 0 0
38 5 0 0 0 0 0 1 0 0
47 3 0 0 0 0 0 1 0 0
56 3 1 1 0 0 0 0 0 0
103 2 0 0 0 0 0 1 0 0
107 2 0 0 1 0 0 0 0 0
fl=./stdlib/../sysdeps/unix/sysv/linux/getrandom.c
fn=__getrandom_early_init
238 7 1 1 1 0 0 2 0 0
241 6 0 0 2 1 0 0 0 0
278 5 1 1 4 0 0 0 0 0
fl=./stdlib/../sysdeps/x86/gmp-arch.h
fn=__mpn_divrem
29 30 1 1 10 0 0 10 0 0
fl=./stdlib/../sysdeps/x86_64/lshift.S
fn=__mpn_lshift
28 1 1 1 0 0 0 0 0 0
29 1 0 0 0 0 0 0 0 0
30 1 0 0 0 0 0 0 0 0
32 1 0 0 0 0 0 0 0 0
33 1 0 0 0 0 0 0 0 0
34 1 0 0 0 0 0 0 0 0
46 1 0 0 0 0 0 0 0 0
47 1 0 0 0 0 0 0 0 0
48 1 0 0 1 0 0 0 0 0
49 1 0 0 0 0 0 0 0 0
50 1 1 1 0 0 0 0 0 0
51 1 0 0 0 0 0 0 0 0
52 1 0 0 0 0 0 0 0 0
58 1 0 0 0 0 0 0 0 0
59 1 0 0 0 0 0 1 0 0
60 1 0 0 1 0 0 0 0 0
fl=./stdlib/../sysdeps/x86_64/mul_1.S
fn=__mpn_mul_1
31 11 1 1 0 0 0 0 0 0
32 11 0 0 0 0 0 11 0 0
35 11 0 0 0 0 0 0 0 0
36 11 0 0 11 0 0 0 0 0
37 11 0 0 0 0 0 0 0 0
38 11 0 0 0 0 0 0 0 0
39 11 0 0 0 0 0 0 0 0
41 11 0 0 0 0 0 0 0 0
42 11 0 0 0 0 0 0 0 0
44 11 0 0 0 0 0 0 0 0
45 11 0 0 0 0 0 0 0 0
46 11 0 0 0 0 0 0 0 0
47 11 0 0 0 0 0 0 0 0
48 10 0 0 0 0 0 0 0 0
50 10 0 0 0 0 0 0 0 0
51 10 0 0 0 0 0 0 0 0
52 10 0 0 0 0 0 10 0 0
53 10 0 0 0 0 0 0 0 0
79 1 1 1 0 0 0 0 0 0
80 1 0 0 0 0 0 0 0 0
81 1 0 0 0 0 0 0 0 0
82 1 0 0 0 0 0 0 0 0
83 1 0 0 0 0 0 0 0 0
84 1 0 0 0 0 0 0 0 0
85 1 0 0 1 0 0 0 0 0
86 1 0 0 0 0 0 0 0 0
87 1 0 0 0 0 0 0 0 0
113 1 1 1 0 0 0 0 0 0
114 1 0 0 0 0 0 0 0 0
115 1 1 1 0 0 0 0 0 0
117 1 0 0 0 0 0 1 0 0
118 1 0 0 0 0 0 0 0 0
119 1 0 0 0 0 0 0 0 0
120 1 0 0 0 0 0 1 0 0
121 1 0 0 0 0 0 0 0 0
122 11 0 0 0 0 0 0 0 0
124 11 0 0 11 0 0 0 0 0
127 11 0 0 11 0 0 0 0 0
fl=./stdlib/../sysdeps/x86_64/rshift.S
fn=__mpn_rshift
28 2 1 1 0 0 0 0 0 0
29 2 0 0 0 0 0 0 0 0
30 2 0 0 0 0 0 0 0 0
31 2 0 0 0 0 0 0 0 0
44 2 0 0 0 0 0 0 0 0
45 2 1 1 0 0 0 0 0 0
61 2 0 0 0 0 0 0 0 0
62 2 0 0 2 0 0 0 0 0
63 2 0 0 2 0 0 0 0 0
64 2 0 0 0 0 0 0 0 0
65 2 0 0 0 0 0 0 0 0
66 2 0 0 0 0 0 0 0 0
67 2 0 0 0 0 0 0 0 0
72 2 1 1 0 0 0 0 0 0
73 2 0 0 0 0 0 2 0 0
74 2 0 0 0 0 0 0 0 0
75 2 0 0 0 0 0 2 0 0
76 2 0 0 2 0 0 0 0 0
fl=./stdlib/./stdlib/cmp.c
fn=__mpn_cmp
31 2 1 1 0 0 0 0 0 0
35 4 0 0 0 0 0 0 0 0
37 2 1 1 2 0 0 0 0 0
38 2 0 0 2 0 0 0 0 0
39 4 0 0 0 0 0 0 0 0
47 10 0 0 2 0 0 0 0 0
fl=./stdlib/./stdlib/cxa_atexit.c
fn=__cxa_atexit
41 10 0 0 0 0 0 0 0 0
43 40 0 0 5 1 0 0 0 0
44 10 0 0 0 0 0 5 0 0
46 10 0 0 0 0 0 0 0 0
52 15 1 1 5 0 0 0 0 0
53 5 0 0 0 0 0 5 0 0
54 5 0 0 0 0 0 5 3 2
55 5 0 0 0 0 0 5 0 0
56 5 0 0 0 0 0 5 0 0
57 25 0 0 10 0 0 0 0 0
58 5 0 0 0 0 0 0 0 0
67 35 2 2 0 0 0 20 0 0
69 30 0 0 25 0 0 0 0 0
fn=__new_exitfn
80 25 1 1 0 0 0 5 0 0
81 5 0 0 0 0 0 0 0 0
86 10 0 0 5 1 1 0 0 0
91 29 0 0 6 1 0 0 0 0
93 20 1 1 5 0 0 0 0 0
94 16 0 0 4 1 0 0 0 0
101 1 0 0 0 0 0 1 0 0
104 8 0 0 0 0 0 0 0 0
122 1 1 1 0 0 0 0 0 0
123 1 1 1 0 0 0 1 0 0
129 12 0 0 0 0 0 0 0 0
130 8 0 0 0 0 0 4 0 0
134 1 0 0 0 0 0 0 0 0
136 5 0 0 0 0 0 5 0 0
137 5 0 0 5 0 0 0 0 0
141 15 0 0 10 0 0 0 0 0
fl=./stdlib/./stdlib/cxa_finalize.c
fn=__cxa_finalize
45 50 1 1 0 0 0 30 0 0
48 35 1 1 5 0 0 0 0 0
51 35 1 1 10 0 0 0 0 0
55 91 1 1 5 0 0 0 0 0
56 48 0 0 24 1 1 0 0 0
58 8 0 0 4 0 0 4 0 0
60 4 0 0 4 0 0 0 0 0
91 4 0 0 0 0 0 4 0 0
93 12 1 1 8 0 0 0 0 0
96 16 0 0 8 0 0 0 0 0
97 12 0 0 0 0 0 4 0 0
98 16 0 0 4 0 0 0 0 0
102 12 0 0 8 0 0 0 0 0
108 35 0 0 10 1 1 0 0 0
112 30 1 1 5 1 1 0 0 0
120 10 1 1 0 0 0 5 0 0
121 20 0 0 10 0 0 0 0 0
122 40 0 0 35 0 0 0 0 0
fl=./stdlib/./stdlib/cxa_thread_atexit_impl.c
fn=__call_tls_dtors
148 5 1 1 0 0 0 3 0 0
149 4 0 0 2 1 1 0 0 0
165 4 2 2 4 0 0 0 0 0
fl=./stdlib/./stdlib/divrem.c
fn=__mpn_divrem
45 120 1 1 0 0 0 60 0 0
46 10 0 0 0 0 0 10 1 1
48 20 1 1 0 0 0 0 0 0
61 10 1 1 10 0 0 0 0 0
62 10 0 0 10 0 0 0 0 0
64 20 0 0 0 0 0 0 0 0
71 100 0 0 0 0 0 0 0 0
75 20 0 0 0 0 0 0 0 0
78 10 1 1 0 0 0 10 0 0
80 10 0 0 0 0 0 0 0 0
233 90 1 1 80 0 0 0 0 0
fl=./stdlib/./stdlib/exit.c
fn=__run_exit_handlers
45 12 2 2 0 0 0 7 0 0
47 9 1 1 4 1 1 1 0 0
50 2 0 0 0 0 0 0 0 0
51 2 1 1 0 0 0 1 0 0
53 7 0 0 1 1 1 0 0 0
64 1 0 0 1 1 1 0 0 0
66 2 0 0 0 0 0 0 0 0
70 1 0 0 0 0 0 1 0 0
74 18 1 1 6 0 0 0 0 0
76 10 0 0 0 0 0 5 0 0
77 5 0 0 5 0 0 0 0 0
79 43 0 0 5 1 1 0 0 0
111 1 0 0 0 0 0 1 0 0
112 1 1 1 1 0 0 0 0 0
113 1 0 0 1 1 1 0 0 0
114 3 1 1 1 0 0 0 0 0
117 4 0 0 2 0 0 0 0 0
118 3 0 0 0 0 0 1 0 0
119 4 0 0 1 0 0 0 0 0
123 3 2 2 1 0 0 0 0 0
129 2 0 0 1 0 0 1 0 0
130 2 0 0 0 0 0 0 0 0
136 4 1 1 2 0 0 0 0 0
138 2 0 0 1 0 0 0 0 0
139 2 0 0 0 0 0 1 0 0
141 2 0 0 0 0 0 1 0 0
fn=exit
147 3 1 1 0 0 0 1 0 0
148 4 0 0 0 0 0 1 0 0
fl=./stdlib/./stdlib/getenv.c
fn=getenv
25 10 1 1 0 0 0 6 0 0
29 1 0 0 1 1 0 0 0 0
42 2 0 0 2 1 0 0 0 0
43 4 0 0 1 1 1 0 0 0
44 1 0 0 0 0 0 0 0 0
46 3 1 1 0 0 0 1 0 0
47 59 0 0 0 0 0 0 0 0
49 59 0 0 59 8 0 0 0 0
50 118 0 0 0 0 0 0 0 0
55 174 0 0 116 26 0 0 0 0
56 48 1 1 0 0 0 8 0 0
69 3 0 0 1 0 0 0 0 0
154 8 1 1 7 0 0 0 0 0
fl=./stdlib/./stdlib/mul.c
fn=__mpn_mul
48 17 1 1 1 0 0 7 1 1
54 2 0 0 0 0 0 0 0 0
66 2 0 0 0 0 0 0 0 0
71 1 1 1 1 0 0 0 0 0
72 2 0 0 0 0 0 0 0 0
81 2 0 0 1 0 0 1 1 1
83 1 0 0 0 0 0 1 0 0
88 2 0 0 0 0 0 0 0 0
141 1 1 1 0 0 0 1 0 0
142 11 0 0 9 0 0 0 0 0
fl=./stdlib/./stdlib/secure-getenv.c
fn=secure_getenv
28 1 1 1 0 0 0 0 0 0
29 5 1 1 2 2 0 0 0 0
fl=./string/../include/rtld-malloc.h
fn=strdup
56 12 0 0 6 0 0 6 0 0
fl=./string/../string/strcspn.c
fn=strcspn
32 5 1 1 0 0 0 1 0 0
33 3 0 0 1 1 1 0 0 0
34 2 0 0 1 0 0 0 0 0
39 6 1 1 0 0 0 4 1 1
40 4 0 0 0 0 0 4 1 1
41 4 0 0 0 0 0 4 1 1
42 4 1 1 0 0 0 4 1 1
44 1 0 0 0 0 0 0 0 0
47 9 0 0 3 0 0 3 0 0
48 6 0 0 0 0 0 0 0 0
51 4 0 0 2 0 0 0 0 0
52 4 1 1 2 0 0 0 0 0
53 4 0 0 2 0 0 0 0 0
54 4 0 0 2 0 0 0 0 0
56 3 0 0 0 0 0 0 0 0
61 13 0 0 0 0 0 0 0 0
62 26 1 1 26 1 1 0 0 0
63 26 0 0 26 0 0 0 0 0
64 26 0 0 26 0 0 0 0 0
65 13 0 0 13 0 0 0 0 0
67 78 0 0 13 0 0 0 0 0
69 1 0 0 0 0 0 0 0 0
70 4 1 1 0 0 0 0 0 0
71 2 0 0 2 0 0 0 0 0
fl=./string/../sysdeps/x86/cacheinfo.c
fn=__x86_cacheinfo
86 3 1 1 1 0 0 0 0 0
fl=./string/../sysdeps/x86/cacheinfo.h
fn=__x86_cacheinfo
62 1 0 0 1 0 0 0 0 0
65 3 0 0 1 1 0 0 0 0
67 3 0 0 0 0 0 1 1 1
68 1 0 0 0 0 0 1 1 1
74 3 1 1 1 0 0 0 0 0
76 3 0 0 0 0 0 1 0 0
77 1 0 0 0 0 0 1 0 0
81 2 0 0 1 0 0 1 1 1
84 2 0 0 1 0 0 1 0 0
86 2 1 1 1 1 0 1 0 0
87 2 0 0 1 0 0 1 0 0
88 2 0 0 1 0 0 1 0 0
90 2 0 0 1 0 0 0 0 0
fl=./string/../sysdeps/x86_64/multiarch/../multiarch/memcmp-sse2.S
fn=bcmp
59 1 1 1 0 0 0 0 0 0
71 1 0 0 0 0 0 0 0 0
72 1 0 0 0 0 0 0 0 0
94 1 0 0 0 0 0 0 0 0
95 1 0 0 0 0 0 0 0 0
140 1 1 1 1 0 0 0 0 0
141 1 0 0 1 0 0 0 0 0
143 1 0 0 0 0 0 0 0 0
144 1 0 0 0 0 0 0 0 0
146 1 0 0 1 0 0 0 0 0
147 1 0 0 1 0 0 0 0 0
149 1 0 0 0 0 0 0 0 0
150 1 0 0 0 0 0 0 0 0
197 1 0 0 0 0 0 0 0 0
198 1 0 0 0 0 0 0 0 0
199 1 0 0 0 0 0 0 0 0
200 1 0 0 0 0 0 0 0 0
201 1 0 0 0 0 0 0 0 0
202 1 0 0 1 0 0 0 0 0
fl=./string/../sysdeps/x86_64/multiarch/../multiarch/memset-vec-unaligned-erms.S
fn=memset
137 13 2 1 0 0 0 0 0 0
138 65 0 0 0 0 0 0 0 0
143 13 0 0 0 0 0 0 0 0
144 13 0 0 0 0 0 0 0 0
147 6 0 0 0 0 0 0 0 0
148 6 0 0 0 0 0 0 0 0
150 2 0 0 0 0 0 2 2 2
151 2 0 0 0 0 0 2 0 0
152 2 1 0 2 0 0 0 0 0
236 4 1 1 0 0 0 4 3 3
237 4 0 0 0 0 0 4 0 0
249 4 0 0 0 0 0 0 0 0
252 4 0 0 0 0 0 0 0 0
253 4 0 0 0 0 0 0 0 0
265 4 0 0 0 0 0 4 1 1
266 4 0 0 0 0 0 4 2 2
279 4 0 0 0 0 0 0 0 0
280 4 0 0 0 0 0 0 0 0
282 4 0 0 0 0 0 0 0 0
285 3 0 0 0 0 0 0 0 0
288 6 0 0 0 0 0 0 0 0
291 92 0 0 0 0 0 92 35 35
292 92 0 0 0 0 0 92 0 0
293 92 0 0 0 0 0 92 50 50
294 92 0 0 0 0 0 92 6 6
295 92 0 0 0 0 0 0 0 0
296 92 0 0 0 0 0 0 0 0
297 92 0 0 0 0 0 0 0 0
300 4 0 0 0 0 0 4 1 1
301 4 0 0 0 0 0 4 0 0
302 4 0 0 0 0 0 4 0 0
303 4 0 0 0 0 0 4 0 0
308 4 0 0 4 0 0 0 0 0
354 7 2 1 0 0 0 0 0 0
356 7 0 0 0 0 0 0 0 0
357 7 0 0 0 0 0 0 0 0
396 7 2 1 0 0 0 7 2 2
397 7 0 0 0 0 0 7 1 1
399 7 0 0 7 0 0 0 0 0
fl=./string/../sysdeps/x86_64/multiarch/../multiarch/strchr-sse2.S
fn=index
32 28 1 1 0 0 0 0 0 0
33 28 0 0 0 0 0 0 0 0
34 28 0 0 0 0 0 0 0 0
35 28 0 0 0 0 0 0 0 0
36 28 1 1 0 0 0 0 0 0
37 28 0 0 0 0 0 0 0 0
38 28 0 0 0 0 0 0 0 0
39 28 0 0 0 0 0 0 0 0
40 28 0 0 0 0 0 0 0 0
41 28 0 0 28 4 4 0 0 0
42 28 0 0 0 0 0 0 0 0
43 28 0 0 0 0 0 0 0 0
44 28 0 0 0 0 0 0 0 0
45 28 0 0 0 0 0 0 0 0
46 28 0 0 0 0 0 0 0 0
47 28 0 0 0 0 0 0 0 0
48 28 0 0 0 0 0 0 0 0
49 28 0 0 0 0 0 0 0 0
50 23 0 0 0 0 0 0 0 0
54 23 0 0 0 0 0 0 0 0
55 23 1 1 0 0 0 0 0 0
56 23 0 0 23 0 0 0 0 0
57 23 0 0 0 0 0 0 0 0
59 23 0 0 23 0 0 0 0 0
63 5 0 0 5 0 0 0 0 0
64 5 0 0 0 0 0 0 0 0
65 5 0 0 0 0 0 0 0 0
66 5 0 0 0 0 0 0 0 0
67 5 0 0 0 0 0 0 0 0
68 5 0 0 0 0 0 0 0 0
69 5 0 0 5 1 1 0 0 0
70 5 0 0 0 0 0 0 0 0
71 5 0 0 0 0 0 0 0 0
72 5 0 0 0 0 0 0 0 0
73 5 0 0 0 0 0 0 0 0
74 5 1 1 0 0 0 0 0 0
75 5 0 0 0 0 0 0 0 0
76 5 0 0 5 1 1 0 0 0
77 5 0 0 0 0 0 0 0 0
78 5 0 0 0 0 0 0 0 0
79 5 0 0 0 0 0 0 0 0
80 5 0 0 0 0 0 0 0 0
81 5 0 0 0 0 0 0 0 0
82 5 0 0 0 0 0 0 0 0
83 5 0 0 0 0 0 0 0 0
84 5 0 0 0 0 0 0 0 0
85 5 0 0 0 0 0 0 0 0
86 5 0 0 0 0 0 0 0 0
138 5 1 1 0 0 0 0 0 0
142 5 0 0 0 0 0 0 0 0
143 5 0 0 0 0 0 0 0 0
144 5 0 0 5 0 0 0 0 0
145 5 0 0 0 0 0 0 0 0
147 5 0 0 5 0 0 0 0 0
fl=./string/../sysdeps/x86_64/multiarch/../multiarch/strcmp-sse2.S
fn=strcmp
98 2305 1 1 0 0 0 0 0 0
131 2305 0 0 0 0 0 0 0 0
132 2305 0 0 0 0 0 0 0 0
134 2305 0 0 0 0 0 0 0 0
135 2305 0 0 0 0 0 0 0 0
156 2305 0 0 0 0 0 0 0 0
157 2305 0 0 0 0 0 0 0 0
158 1617 0 0 0 0 0 0 0 0
159 1617 0 0 0 0 0 0 0 0
160 1487 0 0 1487 102 46 0 0 0
161 1487 1 1 1487 17 13 0 0 0
162 1487 0 0 1487 0 0 0 0 0
163 1487 0 0 1487 0 0 0 0 0
180 1487 0 0 0 0 0 0 0 0
181 1487 0 0 0 0 0 0 0 0
182 1487 0 0 0 0 0 0 0 0
183 1487 0 0 0 0 0 0 0 0
184 1487 0 0 0 0 0 0 0 0
185 1487 0 0 0 0 0 0 0 0
186 1487 0 0 0 0 0 0 0 0
191 31 0 0 0 0 0 0 0 0
192 93 0 0 0 0 0 0 0 0
201 849 1 1 0 0 0 0 0 0
202 849 0 0 0 0 0 0 0 0
203 849 0 0 0 0 0 0 0 0
204 849 0 0 0 0 0 0 0 0
205 849 0 0 0 0 0 0 0 0
206 849 0 0 0 0 0 0 0 0
207 849 0 0 0 0 0 0 0 0
208 849 0 0 0 0 0 0 0 0
209 295 0 0 0 0 0 0 0 0
210 143 0 0 0 0 0 0 0 0
211 143 0 0 0 0 0 0 0 0
212 143 0 0 0 0 0 0 0 0
214 295 0 0 0 0 0 0 0 0
215 295 0 0 0 0 0 0 0 0
216 295 0 0 0 0 0 0 0 0
217 295 0 0 295 9 2 0 0 0
218 295 0 0 0 0 0 0 0 0
219 295 0 0 0 0 0 0 0 0
229 554 2 2 554 8 2 0 0 0
230 554 0 0 0 0 0 0 0 0
231 554 0 0 0 0 0 0 0 0
233 554 0 0 554 5 3 0 0 0
239 554 0 0 0 0 0 0 0 0
240 554 0 0 0 0 0 0 0 0
241 554 0 0 0 0 0 0 0 0
242 554 0 0 0 0 0 0 0 0
243 554 0 0 0 0 0 0 0 0
248 554 0 0 0 0 0 0 0 0
250 553 0 0 0 0 0 0 0 0
251 553 0 0 0 0 0 0 0 0
252 1106 0 0 0 0 0 0 0 0
260 553 2 2 553 9 1 0 0 0
261 553 0 0 553 3 3 0 0 0
264 553 0 0 0 0 0 0 0 0
265 553 0 0 0 0 0 0 0 0
266 553 0 0 0 0 0 0 0 0
267 553 0 0 0 0 0 0 0 0
268 553 0 0 0 0 0 0 0 0
269 553 0 0 0 0 0 0 0 0
275 1 0 0 0 0 0 0 0 0
276 1 0 0 1 0 0 0 0 0
277 1 0 0 1 0 0 0 0 0
280 1 0 0 0 0 0 0 0 0
281 1 0 0 0 0 0 0 0 0
282 1 0 0 0 0 0 0 0 0
283 1 0 0 0 0 0 0 0 0
284 1 0 0 0 0 0 0 0 0
285 1 0 0 0 0 0 0 0 0
300 7 1 1 0 0 0 0 0 0
301 7 0 0 7 0 0 0 0 0
302 7 0 0 7 0 0 0 0 0
303 7 0 0 0 0 0 0 0 0
304 7 0 0 0 0 0 0 0 0
306 7 0 0 0 0 0 0 0 0
307 7 0 0 0 0 0 0 0 0
308 7 1 1 0 0 0 0 0 0
309 7 0 0 0 0 0 0 0 0
310 7 0 0 0 0 0 0 0 0
311 7 0 0 0 0 0 0 0 0
312 7 0 0 0 0 0 0 0 0
424 1 1 1 0 0 0 0 0 0
425 1 0 0 1 0 0 0 0 0
426 1 0 0 1 0 0 0 0 0
427 1 0 0 0 0 0 0 0 0
428 1 0 0 0 0 0 0 0 0
430 1 0 0 0 0 0 0 0 0
431 1 0 0 0 0 0 0 0 0
432 1 1 1 0 0 0 0 0 0
433 1 0 0 0 0 0 0 0 0
434 1 0 0 0 0 0 0 0 0
435 1 0 0 0 0 0 0 0 0
436 1 0 0 0 0 0 0 0 0
437 1 0 0 1 0 0 0 0 0
440 1 0 0 0 0 0 0 0 0
441 1 0 0 0 0 0 0 0 0
442 1 0 0 0 0 0 0 0 0
448 1 0 0 0 0 0 0 0 0
449 1 0 0 0 0 0 0 0 0
450 2 0 0 0 0 0 0 0 0
454 1 1 1 0 0 0 0 0 0
455 1 0 0 0 0 0 0 0 0
458 1 0 0 1 0 0 0 0 0
459 1 0 0 1 0 0 0 0 0
460 1 0 0 0 0 0 0 0 0
462 1 0 0 0 0 0 0 0 0
463 1 0 0 0 0 0 0 0 0
464 1 0 0 0 0 0 0 0 0
468 1 0 0 0 0 0 0 0 0
469 1 0 0 0 0 0 0 0 0
470 1 0 0 0 0 0 0 0 0
471 1 0 0 0 0 0 0 0 0
472 1 0 0 0 0 0 0 0 0
473 1 1 1 0 0 0 0 0 0
542 3 1 1 0 0 0 0 0 0
543 3 0 0 3 0 0 0 0 0
544 3 0 0 3 0 0 0 0 0
545 3 0 0 0 0 0 0 0 0
546 3 0 0 0 0 0 0 0 0
548 3 0 0 0 0 0 0 0 0
549 3 0 0 0 0 0 0 0 0
550 3 1 1 0 0 0 0 0 0
551 3 0 0 0 0 0 0 0 0
552 3 0 0 0 0 0 0 0 0
553 3 0 0 0 0 0 0 0 0
554 3 0 0 0 0 0 0 0 0
555 3 0 0 3 0 0 0 0 0
559 3 0 0 0 0 0 0 0 0
560 3 0 0 0 0 0 0 0 0
561 3 0 0 0 0 0 0 0 0
567 3 0 0 0 0 0 0 0 0
568 3 0 0 0 0 0 0 0 0
569 6 0 0 0 0 0 0 0 0
573 3 1 1 0 0 0 0 0 0
574 3 0 0 0 0 0 0 0 0
577 3 0 0 3 0 0 0 0 0
578 3 0 0 3 1 1 0 0 0
579 3 0 0 0 0 0 0 0 0
581 3 0 0 0 0 0 0 0 0
582 3 0 0 0 0 0 0 0 0
583 3 0 0 0 0 0 0 0 0
587 3 0 0 0 0 0 0 0 0
588 3 0 0 0 0 0 0 0 0
589 3 0 0 0 0 0 0 0 0
590 3 0 0 0 0 0 0 0 0
591 3 0 0 0 0 0 0 0 0
592 3 1 1 0 0 0 0 0 0
661 5 1 1 0 0 0 0 0 0
662 5 0 0 5 2 0 0 0 0
663 5 0 0 5 0 0 0 0 0
664 5 0 0 0 0 0 0 0 0
665 5 0 0 0 0 0 0 0 0
667 5 0 0 0 0 0 0 0 0
668 5 0 0 0 0 0 0 0 0
669 5 1 1 0 0 0 0 0 0
670 5 0 0 0 0 0 0 0 0
671 5 0 0 0 0 0 0 0 0
672 5 0 0 0 0 0 0 0 0
673 5 0 0 0 0 0 0 0 0
674 5 0 0 5 0 0 0 0 0
678 5 0 0 0 0 0 0 0 0
679 5 0 0 0 0 0 0 0 0
680 5 0 0 0 0 0 0 0 0
686 5 0 0 0 0 0 0 0 0
687 5 0 0 0 0 0 0 0 0
688 10 0 0 0 0 0 0 0 0
692 5 2 1 0 0 0 0 0 0
693 5 0 0 0 0 0 0 0 0
696 5 0 0 5 0 0 0 0 0
697 5 0 0 5 2 2 0 0 0
698 5 0 0 0 0 0 0 0 0
700 5 0 0 0 0 0 0 0 0
701 5 0 0 0 0 0 0 0 0
702 5 0 0 0 0 0 0 0 0
706 5 0 0 0 0 0 0 0 0
707 5 0 0 0 0 0 0 0 0
708 5 0 0 0 0 0 0 0 0
709 5 0 0 0 0 0 0 0 0
710 5 0 0 0 0 0 0 0 0
711 5 2 1 0 0 0 0 0 0
780 6 2 1 0 0 0 0 0 0
781 6 0 0 6 1 0 0 0 0
782 6 0 0 6 1 0 0 0 0
783 6 0 0 0 0 0 0 0 0
784 6 0 0 0 0 0 0 0 0
786 6 0 0 0 0 0 0 0 0
787 6 0 0 0 0 0 0 0 0
788 6 2 1 0 0 0 0 0 0
789 6 0 0 0 0 0 0 0 0
790 6 0 0 0 0 0 0 0 0
791 6 0 0 0 0 0 0 0 0
792 6 0 0 0 0 0 0 0 0
793 3 0 0 3 0 0 0 0 0
797 3 0 0 0 0 0 0 0 0
798 3 0 0 0 0 0 0 0 0
799 3 0 0 0 0 0 0 0 0
805 3 0 0 0 0 0 0 0 0
806 3 0 0 0 0 0 0 0 0
807 6 0 0 0 0 0 0 0 0
811 3 1 1 0 0 0 0 0 0
812 3 0 0 0 0 0 0 0 0
815 3 0 0 3 1 0 0 0 0
816 3 0 0 3 3 2 0 0 0
817 3 0 0 0 0 0 0 0 0
819 3 0 0 0 0 0 0 0 0
820 3 0 0 0 0 0 0 0 0
821 3 0 0 0 0 0 0 0 0
825 3 0 0 0 0 0 0 0 0
826 3 0 0 0 0 0 0 0 0
827 3 0 0 0 0 0 0 0 0
828 3 0 0 0 0 0 0 0 0
829 3 0 0 0 0 0 0 0 0
830 3 1 1 0 0 0 0 0 0
837 1 0 0 0 0 0 0 0 0
838 1 0 0 0 0 0 0 0 0
840 1 0 0 0 0 0 0 0 0
841 1 0 0 0 0 0 0 0 0
843 1 0 0 1 0 0 0 0 0
844 1 0 0 1 0 0 0 0 0
845 1 0 0 0 0 0 0 0 0
847 1 0 0 0 0 0 0 0 0
848 1 0 0 0 0 0 0 0 0
849 1 0 0 0 0 0 0 0 0
853 1 0 0 0 0 0 0 0 0
854 1 0 0 0 0 0 0 0 0
855 1 0 0 0 0 0 0 0 0
856 1 0 0 0 0 0 0 0 0
857 1 1 1 0 0 0 0 0 0
858 1 0 0 0 0 0 0 0 0
899 15 1 1 0 0 0 0 0 0
900 15 0 0 15 1 0 0 0 0
901 15 0 0 15 2 0 0 0 0
902 15 0 0 0 0 0 0 0 0
903 15 0 0 0 0 0 0 0 0
905 15 0 0 0 0 0 0 0 0
906 15 0 0 0 0 0 0 0 0
907 15 1 1 0 0 0 0 0 0
908 15 0 0 0 0 0 0 0 0
909 15 0 0 0 0 0 0 0 0
910 15 0 0 0 0 0 0 0 0
911 15 0 0 0 0 0 0 0 0
912 15 0 0 15 0 0 0 0 0
916 15 0 0 0 0 0 0 0 0
917 15 0 0 0 0 0 0 0 0
918 15 0 0 0 0 0 0 0 0
924 15 0 0 0 0 0 0 0 0
925 15 0 0 0 0 0 0 0 0
926 30 0 0 0 0 0 0 0 0
930 15 1 1 0 0 0 0 0 0
931 15 0 0 0 0 0 0 0 0
934 15 0 0 15 0 0 0 0 0
935 15 0 0 15 3 2 0 0 0
936 15 0 0 0 0 0 0 0 0
938 15 0 0 0 0 0 0 0 0
939 15 0 0 0 0 0 0 0 0
940 15 0 0 0 0 0 0 0 0
944 15 0 0 0 0 0 0 0 0
945 15 0 0 0 0 0 0 0 0
946 15 0 0 0 0 0 0 0 0
947 15 0 0 0 0 0 0 0 0
948 15 0 0 0 0 0 0 0 0
949 15 1 1 0 0 0 0 0 0
1018 11 1 1 0 0 0 0 0 0
1019 11 0 0 11 1 0 0 0 0
1020 11 0 0 11 1 1 0 0 0
1021 11 0 0 0 0 0 0 0 0
1022 11 0 0 0 0 0 0 0 0
1024 11 0 0 0 0 0 0 0 0
1025 11 0 0 0 0 0 0 0 0
1026 11 1 1 0 0 0 0 0 0
1027 11 0 0 0 0 0 0 0 0
1028 11 0 0 0 0 0 0 0 0
1029 11 0 0 0 0 0 0 0 0
1030 11 0 0 0 0 0 0 0 0
1031 5 0 0 5 0 0 0 0 0
1035 5 0 0 0 0 0 0 0 0
1036 5 0 0 0 0 0 0 0 0
1037 5 0 0 0 0 0 0 0 0
1043 5 0 0 0 0 0 0 0 0
1044 5 0 0 0 0 0 0 0 0
1045 10 0 0 0 0 0 0 0 0
1049 5 1 1 0 0 0 0 0 0
1050 5 0 0 0 0 0 0 0 0
1053 5 0 0 5 0 0 0 0 0
1054 5 0 0 5 1 0 0 0 0
1055 5 0 0 0 0 0 0 0 0
1057 5 0 0 0 0 0 0 0 0
1058 5 0 0 0 0 0 0 0 0
1059 5 0 0 0 0 0 0 0 0
1063 5 0 0 0 0 0 0 0 0
1064 5 0 0 0 0 0 0 0 0
1065 5 0 0 0 0 0 0 0 0
1066 5 0 0 0 0 0 0 0 0
1067 5 0 0 0 0 0 0 0 0
1068 5 1 1 0 0 0 0 0 0
1075 1 0 0 0 0 0 0 0 0
1076 1 0 0 0 0 0 0 0 0
1078 1 0 0 0 0 0 0 0 0
1079 1 0 0 0 0 0 0 0 0
1081 1 0 0 1 0 0 0 0 0
1082 1 0 0 1 0 0 0 0 0
1083 1 0 0 0 0 0 0 0 0
1085 1 0 0 0 0 0 0 0 0
1086 1 0 0 0 0 0 0 0 0
1087 1 0 0 0 0 0 0 0 0
1091 1 0 0 0 0 0 0 0 0
1092 1 0 0 0 0 0 0 0 0
1093 1 0 0 0 0 0 0 0 0
1094 1 0 0 0 0 0 0 0 0
1095 1 1 1 0 0 0 0 0 0
1096 1 0 0 0 0 0 0 0 0
1137 19 1 1 0 0 0 0 0 0
1138 19 0 0 19 1 1 0 0 0
1139 19 0 0 19 2 2 0 0 0
1140 19 0 0 0 0 0 0 0 0
1141 19 0 0 0 0 0 0 0 0
1143 19 0 0 0 0 0 0 0 0
1144 19 0 0 0 0 0 0 0 0
1145 19 1 1 0 0 0 0 0 0
1146 19 0 0 0 0 0 0 0 0
1147 19 0 0 0 0 0 0 0 0
1148 19 0 0 0 0 0 0 0 0
1149 19 0 0 0 0 0 0 0 0
1150 6 0 0 6 0 0 0 0 0
1154 6 0 0 0 0 0 0 0 0
1155 6 0 0 0 0 0 0 0 0
1156 6 0 0 0 0 0 0 0 0
1162 6 0 0 0 0 0 0 0 0
1163 6 0 0 0 0 0 0 0 0
1164 12 0 0 0 0 0 0 0 0
1168 6 1 1 0 0 0 0 0 0
1169 6 0 0 0 0 0 0 0 0
1172 5 0 0 5 1 0 0 0 0
1173 5 0 0 5 1 1 0 0 0
1174 5 0 0 0 0 0 0 0 0
1176 5 0 0 0 0 0 0 0 0
1177 5 0 0 0 0 0 0 0 0
1178 5 0 0 0 0 0 0 0 0
1182 5 0 0 0 0 0 0 0 0
1183 5 0 0 0 0 0 0 0 0
1184 5 0 0 0 0 0 0 0 0
1185 5 0 0 0 0 0 0 0 0
1186 5 0 0 0 0 0 0 0 0
1187 5 1 1 0 0 0 0 0 0
1194 1 0 0 0 0 0 0 0 0
1195 1 0 0 0 0 0 0 0 0
1197 1 0 0 0 0 0 0 0 0
1198 1 0 0 0 0 0 0 0 0
1200 1 0 0 1 0 0 0 0 0
1201 1 0 0 1 0 0 0 0 0
1202 1 0 0 0 0 0 0 0 0
1204 1 0 0 0 0 0 0 0 0
1205 1 0 0 0 0 0 0 0 0
1206 1 0 0 0 0 0 0 0 0
1210 1 0 0 0 0 0 0 0 0
1211 1 0 0 0 0 0 0 0 0
1212 1 0 0 0 0 0 0 0 0
1213 1 0 0 0 0 0 0 0 0
1214 1 0 0 0 0 0 0 0 0
1215 1 0 0 0 0 0 0 0 0
1228 1 1 1 0 0 0 0 0 0
1229 1 0 0 0 0 0 0 0 0
1230 1 0 0 0 0 0 0 0 0
1231 1 0 0 0 0 0 0 0 0
1244 1 0 0 1 0 0 0 0 0
1245 1 0 0 0 0 0 0 0 0
1246 1 0 0 0 0 0 0 0 0
1247 1 0 0 0 0 0 0 0 0
1256 65 1 1 0 0 0 0 0 0
1257 65 0 0 65 2 1 0 0 0
1258 65 0 0 65 1 1 0 0 0
1259 65 0 0 0 0 0 0 0 0
1260 65 0 0 0 0 0 0 0 0
1262 65 0 0 0 0 0 0 0 0
1263 65 0 0 0 0 0 0 0 0
1264 65 1 1 0 0 0 0 0 0
1265 65 0 0 0 0 0 0 0 0
1266 65 0 0 0 0 0 0 0 0
1267 65 0 0 0 0 0 0 0 0
1268 65 0 0 0 0 0 0 0 0
1269 39 0 0 39 0 0 0 0 0
1273 39 0 0 0 0 0 0 0 0
1274 39 0 0 0 0 0 0 0 0
1275 39 0 0 0 0 0 0 0 0
1281 39 0 0 0 0 0 0 0 0
1282 39 0 0 0 0 0 0 0 0
1283 78 0 0 0 0 0 0 0 0
1287 40 1 1 0 0 0 0 0 0
1288 40 0 0 0 0 0 0 0 0
1291 40 0 0 40 1 1 0 0 0
1292 40 0 0 40 2 2 0 0 0
1293 40 0 0 0 0 0 0 0 0
1295 40 0 0 0 0 0 0 0 0
1296 40 0 0 0 0 0 0 0 0
1297 40 0 0 0 0 0 0 0 0
1301 40 0 0 0 0 0 0 0 0
1302 40 0 0 0 0 0 0 0 0
1303 40 0 0 0 0 0 0 0 0
1304 40 0 0 0 0 0 0 0 0
1305 40 0 0 0 0 0 0 0 0
1306 40 1 1 0 0 0 0 0 0
1313 1 0 0 0 0 0 0 0 0
1314 1 0 0 0 0 0 0 0 0
1316 1 0 0 0 0 0 0 0 0
1317 1 0 0 0 0 0 0 0 0
1319 1 0 0 1 0 0 0 0 0
1320 1 0 0 1 0 0 0 0 0
1321 1 0 0 0 0 0 0 0 0
1323 1 0 0 0 0 0 0 0 0
1324 1 0 0 0 0 0 0 0 0
1325 1 0 0 0 0 0 0 0 0
1329 1 0 0 0 0 0 0 0 0
1330 1 0 0 0 0 0 0 0 0
1331 1 0 0 0 0 0 0 0 0
1332 1 0 0 0 0 0 0 0 0
1333 1 1 1 0 0 0 0 0 0
1334 1 0 0 0 0 0 0 0 0
1341 1 0 0 0 0 0 0 0 0
1342 1 0 0 0 0 0 0 0 0
1343 1 0 0 0 0 0 0 0 0
1375 14 2 2 0 0 0 0 0 0
1376 14 0 0 14 3 3 0 0 0
1377 14 0 0 14 0 0 0 0 0
1378 14 0 0 0 0 0 0 0 0
1379 14 0 0 0 0 0 0 0 0
1381 14 0 0 0 0 0 0 0 0
1382 14 0 0 0 0 0 0 0 0
1383 14 3 2 0 0 0 0 0 0
1384 14 0 0 0 0 0 0 0 0
1385 14 0 0 0 0 0 0 0 0
1386 14 0 0 0 0 0 0 0 0
1387 14 0 0 0 0 0 0 0 0
1388 8 0 0 8 0 0 0 0 0
1392 8 0 0 0 0 0 0 0 0
1393 8 0 0 0 0 0 0 0 0
1394 8 0 0 0 0 0 0 0 0
1400 8 0 0 0 0 0 0 0 0
1401 8 0 0 0 0 0 0 0 0
1402 16 0 0 0 0 0 0 0 0
1406 8 3 2 0 0 0 0 0 0
1407 8 0 0 0 0 0 0 0 0
1410 8 0 0 8 0 0 0 0 0
1411 8 0 0 8 3 3 0 0 0
1412 8 0 0 0 0 0 0 0 0
1414 8 0 0 0 0 0 0 0 0
1415 8 0 0 0 0 0 0 0 0
1416 8 0 0 0 0 0 0 0 0
1420 8 0 0 0 0 0 0 0 0
1421 8 0 0 0 0 0 0 0 0
1422 8 0 0 0 0 0 0 0 0
1423 8 0 0 0 0 0 0 0 0
1424 8 0 0 0 0 0 0 0 0
1425 8 2 2 0 0 0 0 0 0
1494 27 1 1 0 0 0 0 0 0
1495 27 0 0 27 2 2 0 0 0
1496 27 0 0 27 5 3 0 0 0
1497 27 0 0 0 0 0 0 0 0
1498 27 0 0 0 0 0 0 0 0
1500 27 0 0 0 0 0 0 0 0
1501 27 0 0 0 0 0 0 0 0
1502 27 1 1 0 0 0 0 0 0
1503 27 0 0 0 0 0 0 0 0
1504 27 0 0 0 0 0 0 0 0
1505 27 0 0 0 0 0 0 0 0
1506 27 0 0 0 0 0 0 0 0
1507 10 0 0 10 0 0 0 0 0
1511 10 0 0 0 0 0 0 0 0
1512 10 0 0 0 0 0 0 0 0
1513 10 0 0 0 0 0 0 0 0
1519 10 0 0 0 0 0 0 0 0
1520 10 0 0 0 0 0 0 0 0
1521 20 0 0 0 0 0 0 0 0
1525 10 1 1 0 0 0 0 0 0
1526 10 0 0 0 0 0 0 0 0
1529 10 0 0 10 3 1 0 0 0
1530 10 0 0 10 3 3 0 0 0
1531 10 0 0 0 0 0 0 0 0
1533 10 0 0 0 0 0 0 0 0
1534 10 0 0 0 0 0 0 0 0
1535 10 0 0 0 0 0 0 0 0
1539 10 0 0 0 0 0 0 0 0
1540 10 0 0 0 0 0 0 0 0
1541 10 0 0 0 0 0 0 0 0
1542 10 0 0 0 0 0 0 0 0
1543 10 0 0 0 0 0 0 0 0
1544 10 1 1 0 0 0 0 0 0
1551 1 0 0 0 0 0 0 0 0
1552 1 0 0 0 0 0 0 0 0
1554 1 0 0 0 0 0 0 0 0
1555 1 0 0 0 0 0 0 0 0
1557 1 0 0 1 0 0 0 0 0
1558 1 0 0 1 0 0 0 0 0
1559 1 0 0 0 0 0 0 0 0
1561 1 0 0 0 0 0 0 0 0
1562 1 0 0 0 0 0 0 0 0
1563 1 0 0 0 0 0 0 0 0
1567 1 0 0 0 0 0 0 0 0
1568 1 0 0 0 0 0 0 0 0
1569 1 0 0 0 0 0 0 0 0
1570 1 0 0 0 0 0 0 0 0
1571 1 1 1 0 0 0 0 0 0
1572 1 0 0 0 0 0 0 0 0
1613 13 1 1 0 0 0 0 0 0
1614 13 0 0 13 2 1 0 0 0
1615 13 0 0 13 3 3 0 0 0
1616 13 0 0 0 0 0 0 0 0
1617 13 0 0 0 0 0 0 0 0
1619 13 0 0 0 0 0 0 0 0
1620 13 0 0 0 0 0 0 0 0
1621 13 1 1 0 0 0 0 0 0
1622 13 0 0 0 0 0 0 0 0
1623 13 0 0 0 0 0 0 0 0
1624 13 0 0 0 0 0 0 0 0
1625 13 0 0 0 0 0 0 0 0
1626 3 0 0 3 0 0 0 0 0
1630 3 0 0 0 0 0 0 0 0
1631 3 0 0 0 0 0 0 0 0
1632 3 0 0 0 0 0 0 0 0
1638 3 0 0 0 0 0 0 0 0
1639 3 0 0 0 0 0 0 0 0
1640 6 0 0 0 0 0 0 0 0
1644 3 1 1 0 0 0 0 0 0
1645 3 0 0 0 0 0 0 0 0
1648 3 0 0 3 1 1 0 0 0
1649 3 0 0 3 0 0 0 0 0
1650 3 0 0 0 0 0 0 0 0
1652 3 0 0 0 0 0 0 0 0
1653 3 0 0 0 0 0 0 0 0
1654 3 0 0 0 0 0 0 0 0
1658 3 0 0 0 0 0 0 0 0
1659 3 0 0 0 0 0 0 0 0
1660 3 0 0 0 0 0 0 0 0
1661 3 0 0 0 0 0 0 0 0
1662 3 0 0 0 0 0 0 0 0
1663 3 1 1 0 0 0 0 0 0
1732 35 2 1 0 0 0 0 0 0
1733 35 0 0 35 5 3 0 0 0
1734 35 0 0 35 3 3 0 0 0
1735 35 0 0 0 0 0 0 0 0
1736 35 0 0 0 0 0 0 0 0
1738 35 0 0 0 0 0 0 0 0
1739 35 0 0 0 0 0 0 0 0
1740 35 2 1 0 0 0 0 0 0
1741 35 0 0 0 0 0 0 0 0
1742 35 0 0 0 0 0 0 0 0
1743 35 0 0 0 0 0 0 0 0
1744 35 0 0 0 0 0 0 0 0
1745 17 0 0 17 0 0 0 0 0
1749 17 0 0 0 0 0 0 0 0
1750 17 0 0 0 0 0 0 0 0
1751 17 0 0 0 0 0 0 0 0
1757 17 0 0 0 0 0 0 0 0
1758 17 0 0 0 0 0 0 0 0
1759 34 0 0 0 0 0 0 0 0
1763 18 2 1 0 0 0 0 0 0
1764 18 0 0 0 0 0 0 0 0
1767 18 0 0 18 2 2 0 0 0
1768 18 0 0 18 3 2 0 0 0
1769 18 0 0 0 0 0 0 0 0
1771 18 0 0 0 0 0 0 0 0
1772 18 0 0 0 0 0 0 0 0
1773 18 0 0 0 0 0 0 0 0
1777 18 0 0 0 0 0 0 0 0
1778 18 0 0 0 0 0 0 0 0
1779 18 0 0 0 0 0 0 0 0
1780 18 0 0 0 0 0 0 0 0
1781 18 0 0 0 0 0 0 0 0
1782 18 2 1 0 0 0 0 0 0
1789 3 0 0 0 0 0 0 0 0
1790 3 0 0 0 0 0 0 0 0
1792 3 0 0 0 0 0 0 0 0
1793 3 0 0 0 0 0 0 0 0
1795 3 0 0 3 0 0 0 0 0
1796 3 0 0 3 1 1 0 0 0
1797 3 0 0 0 0 0 0 0 0
1799 3 0 0 0 0 0 0 0 0
1800 3 0 0 0 0 0 0 0 0
1801 3 0 0 0 0 0 0 0 0
1805 3 0 0 0 0 0 0 0 0
1806 3 0 0 0 0 0 0 0 0
1807 3 0 0 0 0 0 0 0 0
1808 3 0 0 0 0 0 0 0 0
1809 3 1 1 0 0 0 0 0 0
1810 3 0 0 0 0 0 0 0 0
1817 1 0 0 0 0 0 0 0 0
1818 1 0 0 0 0 0 0 0 0
1819 1 0 0 0 0 0 0 0 0
1851 15 2 1 0 0 0 0 0 0
1852 15 0 0 15 2 0 0 0 0
1853 15 0 0 15 1 1 0 0 0
1854 15 0 0 0 0 0 0 0 0
1855 15 0 0 0 0 0 0 0 0
1857 15 0 0 0 0 0 0 0 0
1858 15 0 0 0 0 0 0 0 0
1859 15 1 1 0 0 0 0 0 0
1860 15 0 0 0 0 0 0 0 0
1861 15 0 0 0 0 0 0 0 0
1862 15 0 0 0 0 0 0 0 0
1863 15 0 0 0 0 0 0 0 0
1864 5 0 0 5 0 0 0 0 0
1868 5 0 0 0 0 0 0 0 0
1869 5 0 0 0 0 0 0 0 0
1870 5 0 0 0 0 0 0 0 0
1876 5 0 0 0 0 0 0 0 0
1877 5 0 0 0 0 0 0 0 0
1878 10 0 0 0 0 0 0 0 0
1882 5 2 1 0 0 0 0 0 0
1883 5 0 0 0 0 0 0 0 0
1886 5 0 0 5 0 0 0 0 0
1887 5 0 0 5 1 1 0 0 0
1888 5 0 0 0 0 0 0 0 0
1890 5 0 0 0 0 0 0 0 0
1891 5 0 0 0 0 0 0 0 0
1892 5 0 0 0 0 0 0 0 0
1896 5 0 0 0 0 0 0 0 0
1897 5 0 0 0 0 0 0 0 0
1898 5 0 0 0 0 0 0 0 0
1899 5 0 0 0 0 0 0 0 0
1900 5 0 0 0 0 0 0 0 0
1901 5 1 1 0 0 0 0 0 0
1970 59 1 1 0 0 0 0 0 0
1971 59 0 0 59 7 2 0 0 0
1972 59 0 0 59 10 4 0 0 0
1973 59 0 0 0 0 0 0 0 0
1974 59 0 0 0 0 0 0 0 0
1976 59 0 0 0 0 0 0 0 0
1977 59 0 0 0 0 0 0 0 0
1978 59 1 1 0 0 0 0 0 0
1979 59 0 0 0 0 0 0 0 0
1980 59 0 0 0 0 0 0 0 0
1981 59 0 0 0 0 0 0 0 0
1982 59 0 0 0 0 0 0 0 0
1984 39 0 0 39 0 0 0 0 0
1988 39 0 0 0 0 0 0 0 0
1989 39 0 0 0 0 0 0 0 0
1990 39 0 0 0 0 0 0 0 0
1996 39 0 0 0 0 0 0 0 0
1997 39 0 0 0 0 0 0 0 0
1999 78 0 0 0 0 0 0 0 0
2003 40 1 1 0 0 0 0 0 0
2004 40 0 0 0 0 0 0 0 0
2007 40 0 0 40 6 3 0 0 0
2008 40 0 0 40 1 0 0 0 0
2009 40 0 0 0 0 0 0 0 0
2011 40 0 0 0 0 0 0 0 0
2012 40 0 0 0 0 0 0 0 0
2013 40 0 0 0 0 0 0 0 0
2017 40 0 0 0 0 0 0 0 0
2018 40 0 0 0 0 0 0 0 0
2019 40 0 0 0 0 0 0 0 0
2020 40 0 0 0 0 0 0 0 0
2021 40 0 0 0 0 0 0 0 0
2022 40 1 1 0 0 0 0 0 0
2029 1 0 0 0 0 0 0 0 0
2030 1 0 0 0 0 0 0 0 0
2032 1 0 0 0 0 0 0 0 0
2033 1 0 0 0 0 0 0 0 0
2035 1 0 0 1 0 0 0 0 0
2036 1 0 0 1 0 0 0 0 0
2037 1 0 0 0 0 0 0 0 0
2039 1 0 0 0 0 0 0 0 0
2040 1 0 0 0 0 0 0 0 0
2041 1 0 0 0 0 0 0 0 0
2045 1 0 0 0 0 0 0 0 0
2046 1 0 0 0 0 0 0 0 0
2047 1 0 0 0 0 0 0 0 0
2048 1 0 0 0 0 0 0 0 0
2049 1 1 1 0 0 0 0 0 0
2050 1 0 0 0 0 0 0 0 0
2057 1 0 0 0 0 0 0 0 0
2058 1 0 0 0 0 0 0 0 0
2059 1 0 0 0 0 0 0 0 0
2086 1 0 0 0 0 0 0 0 0
2087 1 0 0 0 0 0 0 0 0
2088 1 0 0 0 0 0 0 0 0
2089 2 0 0 0 0 0 0 0 0
2093 712 0 0 0 0 0 0 0 0
2095 849 1 1 0 0 0 0 0 0
2096 849 0 0 0 0 0 0 0 0
2097 849 0 0 0 0 0 0 0 0
2098 849 0 0 0 0 0 0 0 0
2099 286 0 0 0 0 0 0 0 0
2104 2305 1 1 0 0 0 0 0 0
2110 2305 0 0 2305 0 0 0 0 0
2111 2305 0 0 2305 0 0 0 0 0
2119 2305 0 0 0 0 0 0 0 0
2120 2305 0 0 2305 0 0 0 0 0
fn=strncmp
98 1 1 1 0 0 0 0 0 0
125 1 0 0 0 0 0 0 0 0
126 1 0 0 0 0 0 0 0 0
127 1 0 0 0 0 0 0 0 0
128 1 0 0 0 0 0 0 0 0
129 1 0 0 0 0 0 0 0 0
131 1 0 0 0 0 0 0 0 0
132 1 0 0 0 0 0 0 0 0
134 1 0 0 0 0 0 0 0 0
135 1 0 0 0 0 0 0 0 0
156 1 0 0 0 0 0 0 0 0
157 1 0 0 0 0 0 0 0 0
158 1 0 0 0 0 0 0 0 0
159 1 0 0 0 0 0 0 0 0
201 1 1 1 0 0 0 0 0 0
202 1 0 0 0 0 0 0 0 0
203 1 0 0 0 0 0 0 0 0
204 1 0 0 0 0 0 0 0 0
205 1 0 0 0 0 0 0 0 0
206 1 0 0 0 0 0 0 0 0
207 1 0 0 0 0 0 0 0 0
208 1 0 0 0 0 0 0 0 0
209 1 0 0 0 0 0 0 0 0
210 1 0 0 0 0 0 0 0 0
211 1 0 0 0 0 0 0 0 0
212 1 0 0 0 0 0 0 0 0
214 1 0 0 0 0 0 0 0 0
215 1 0 0 0 0 0 0 0 0
216 1 0 0 0 0 0 0 0 0
217 1 0 0 1 1 1 0 0 0
218 1 0 0 0 0 0 0 0 0
219 1 0 0 0 0 0 0 0 0
1613 1 1 1 0 0 0 0 0 0
1614 1 0 0 1 1 1 0 0 0
1615 1 0 0 1 0 0 0 0 0
1616 1 0 0 0 0 0 0 0 0
1617 1 0 0 0 0 0 0 0 0
1619 1 0 0 0 0 0 0 0 0
1620 1 0 0 0 0 0 0 0 0
1621 1 0 0 0 0 0 0 0 0
1622 1 0 0 0 0 0 0 0 0
1623 1 0 0 0 0 0 0 0 0
1624 1 0 0 0 0 0 0 0 0
1625 1 0 0 0 0 0 0 0 0
2095 1 1 1 0 0 0 0 0 0
2096 1 0 0 0 0 0 0 0 0
2097 1 0 0 0 0 0 0 0 0
2098 1 0 0 0 0 0 0 0 0
2099 2 0 0 0 0 0 0 0 0
2104 1 0 0 0 0 0 0 0 0
2107 1 0 0 0 0 0 0 0 0
2108 1 0 0 0 0 0 0 0 0
2110 1 0 0 1 0 0 0 0 0
2111 1 1 1 1 0 0 0 0 0
2119 1 0 0 0 0 0 0 0 0
2120 1 0 0 1 0 0 0 0 0
fl=./string/../sysdeps/x86_64/multiarch/../multiarch/strlen-sse2.S
fn=strlen
57 30 1 1 0 0 0 0 0 0
101 30 0 0 0 0 0 0 0 0
102 30 0 0 0 0 0 0 0 0
103 30 0 0 0 0 0 0 0 0
104 30 0 0 0 0 0 0 0 0
105 30 0 0 0 0 0 0 0 0
106 30 0 0 0 0 0 0 0 0
107 30 1 1 0 0 0 0 0 0
109 30 0 0 0 0 0 0 0 0
111 30 0 0 0 0 0 0 0 0
142 29 0 0 29 1 1 0 0 0
143 29 0 0 0 0 0 0 0 0
144 29 0 0 0 0 0 0 0 0
145 29 0 0 0 0 0 0 0 0
146 29 0 0 0 0 0 0 0 0
147 15 0 0 0 0 0 0 0 0
149 15 0 0 15 0 0 0 0 0
153 14 0 0 0 0 0 0 0 0
154 14 0 0 14 0 0 0 0 0
155 14 0 0 14 0 0 0 0 0
156 14 0 0 14 1 1 0 0 0
157 14 0 0 0 0 0 0 0 0
158 14 0 0 0 0 0 0 0 0
159 14 0 0 0 0 0 0 0 0
160 14 1 1 0 0 0 0 0 0
161 14 0 0 0 0 0 0 0 0
162 14 0 0 0 0 0 0 0 0
163 14 0 0 0 0 0 0 0 0
164 14 0 0 0 0 0 0 0 0
169 112 0 0 14 0 0 0 0 0
173 1 0 0 0 0 0 0 0 0
174 14 1 1 4 0 0 0 0 0
175 6 0 0 0 0 0 0 0 0
190 1 1 1 0 0 0 0 0 0
191 1 0 0 0 0 0 0 0 0
192 2 0 0 0 0 0 0 0 0
243 1 0 0 1 0 0 0 0 0
244 1 0 0 1 0 0 0 0 0
245 1 0 0 1 0 0 0 0 0
246 1 0 0 1 0 0 0 0 0
247 1 0 0 0 0 0 0 0 0
248 1 0 0 0 0 0 0 0 0
249 1 0 0 0 0 0 0 0 0
250 1 0 0 0 0 0 0 0 0
266 1 1 1 0 0 0 0 0 0
268 1 0 0 0 0 0 0 0 0
269 14 1 1 4 0 0 0 0 0
271 1 0 0 0 0 0 0 0 0
272 1 0 0 0 0 0 0 0 0
273 1 0 0 0 0 0 0 0 0
275 1 0 0 1 0 0 0 0 0
fl=./string/../sysdeps/x86_64/multiarch/ifunc-avx2.h
fn=memrchr
38 3 0 0 2 0 0 0 0 0
40 4 1 1 0 0 0 0 0 0
41 2 0 0 1 0 0 0 0 0
42 3 0 0 1 0 0 0 0 0
46 4 0 0 0 0 0 0 0 0
49 3 0 0 0 0 0 0 0 0
52 5 0 0 1 0 0 0 0 0
fn=rindex
38 3 1 1 2 0 0 0 0 0
40 4 0 0 0 0 0 0 0 0
41 2 0 0 1 0 0 0 0 0
42 3 0 0 1 0 0 0 0 0
46 4 0 0 0 0 0 0 0 0
49 3 1 1 0 0 0 0 0 0
52 5 0 0 1 0 0 0 0 0
fn=strchrnul
38 3 0 0 2 0 0 0 0 0
40 4 0 0 0 0 0 0 0 0
41 2 0 0 1 0 0 0 0 0
42 3 0 0 1 0 0 0 0 0
46 4 1 1 0 0 0 0 0 0
49 3 0 0 0 0 0 0 0 0
52 5 0 0 1 0 0 0 0 0
fn=strlen
38 6 0 0 4 1 1 0 0 0
40 8 0 0 0 0 0 0 0 0
41 4 0 0 2 1 1 0 0 0
42 6 0 0 2 0 0 0 0 0
46 8 2 2 0 0 0 0 0 0
49 6 0 0 0 0 0 0 0 0
52 10 0 0 2 0 0 0 0 0
fn=strnlen
38 6 0 0 4 1 0 0 0 0
40 8 0 0 0 0 0 0 0 0
41 4 0 0 2 1 0 0 0 0
42 6 0 0 2 0 0 0 0 0
46 8 1 1 0 0 0 0 0 0
49 6 0 0 0 0 0 0 0 0
52 10 0 0 2 0 0 0 0 0
fl=./string/../sysdeps/x86_64/multiarch/ifunc-evex.h
fn=memchr
37 6 0 0 4 0 0 0 0 0
38 8 0 0 0 0 0 0 0 0
39 6 2 2 2 0 0 0 0 0
43 4 0 0 0 0 0 0 0 0
51 6 0 0 0 0 0 0 0 0
54 8 0 0 0 0 0 0 0 0
fl=./string/../sysdeps/x86_64/multiarch/ifunc-memcmp.h
fn=bcmp
34 14 0 0 4 2 0 0 0 0
35 4 2 1 2 0 0 0 0 0
37 6 0 0 2 0 0 0 0 0
41 4 0 0 0 0 0 0 0 0
44 6 0 0 0 0 0 0 0 0
47 10 0 0 0 0 0 0 0 0
fl=./string/../sysdeps/x86_64/multiarch/ifunc-memmove.h
fn=memcpy@@GLIBC_2.14
56 9 0 0 6 2 0 0 0 0
57 6 0 0 0 0 0 0 0 0
60 9 0 0 3 1 0 0 0 0
61 6 0 0 0 0 0 0 0 0
74 6 2 2 0 0 0 0 0 0
77 6 2 2 0 0 0 0 0 0
85 6 0 0 0 0 0 0 0 0
93 6 0 0 0 0 0 0 0 0
96 15 2 2 3 0 0 0 0 0
fn=memmove
56 3 0 0 2 0 0 0 0 0
57 2 0 0 0 0 0 0 0 0
60 3 0 0 1 0 0 0 0 0
61 2 0 0 0 0 0 0 0 0
74 2 1 1 0 0 0 0 0 0
77 2 1 1 0 0 0 0 0 0
85 2 0 0 0 0 0 0 0 0
93 2 0 0 0 0 0 0 0 0
96 5 1 1 1 0 0 0 0 0
fn=mempcpy
56 3 0 0 2 0 0 0 0 0
57 2 0 0 0 0 0 0 0 0
60 3 0 0 1 0 0 0 0 0
61 2 1 1 0 0 0 0 0 0
74 2 0 0 0 0 0 0 0 0
77 2 1 1 0 0 0 0 0 0
85 2 0 0 0 0 0 0 0 0
93 2 0 0 0 0 0 0 0 0
96 5 1 1 1 0 0 0 0 0
fl=./string/../sysdeps/x86_64/multiarch/ifunc-memset.h
fn=memset
52 3 0 0 0 0 0 0 0 0
53 6 2 1 0 0 0 0 0 0
61 15 0 0 6 0 0 0 0 0
64 9 2 1 3 0 0 0 0 0
65 6 2 1 0 0 0 0 0 0
80 6 0 0 0 0 0 0 0 0
84 12 0 0 0 0 0 0 0 0
92 6 0 0 0 0 0 0 0 0
100 6 2 1 0 0 0 0 0 0
fl=./string/../sysdeps/x86_64/multiarch/ifunc-sse4_2.h
fn=strcspn
36 5 1 1 2 0 0 0 0 0
fn=strpbrk
36 5 0 0 2 0 0 0 0 0
fn=strspn
36 5 1 1 2 0 0 0 0 0
fl=./string/../sysdeps/x86_64/multiarch/ifunc-strcasecmp.h
fn=strcasecmp
36 1 0 0 1 0 0 0 0 0
37 4 0 0 1 0 0 0 0 0
38 3 1 1 1 0 0 0 0 0
42 4 1 1 1 0 0 0 0 0
45 3 0 0 1 0 0 0 0 0
48 4 0 0 0 0 0 0 0 0
fn=strcasecmp_l
36 1 0 0 1 0 0 0 0 0
37 4 0 0 1 0 0 0 0 0
38 3 1 1 1 0 0 0 0 0
42 4 0 0 1 0 0 0 0 0
45 3 0 0 1 0 0 0 0 0
48 4 1 1 0 0 0 0 0 0
fn=strncasecmp
36 1 0 0 1 0 0 0 0 0
37 4 0 0 1 0 0 0 0 0
38 3 1 1 1 0 0 0 0 0
42 4 0 0 1 0 0 0 0 0
45 3 0 0 1 0 0 0 0 0
48 4 0 0 0 0 0 0 0 0
fn=strncasecmp_l
36 1 0 0 1 0 0 0 0 0
37 4 0 0 1 0 0 0 0 0
38 3 1 1 1 0 0 0 0 0
42 4 1 1 1 0 0 0 0 0
45 3 0 0 1 0 0 0 0 0
48 4 0 0 0 0 0 0 0 0
fl=./string/../sysdeps/x86_64/multiarch/ifunc-strcpy.h
fn=stpcpy
38 4 0 0 2 0 0 0 0 0
39 3 0 0 1 0 0 0 0 0
43 4 0 0 0 0 0 0 0 0
46 3 1 1 0 0 0 0 0 0
49 3 0 0 0 0 0 0 0 0
fn=strcat
38 4 0 0 2 0 0 0 0 0
39 3 0 0 1 0 0 0 0 0
43 4 0 0 0 0 0 0 0 0
46 3 1 1 0 0 0 0 0 0
49 3 0 0 0 0 0 0 0 0
fn=strcpy
38 4 1 1 2 0 0 0 0 0
39 3 0 0 1 0 0 0 0 0
43 4 0 0 0 0 0 0 0 0
46 3 0 0 0 0 0 0 0 0
49 3 0 0 0 0 0 0 0 0
fl=./string/../sysdeps/x86_64/multiarch/ifunc-strncpy.h
fn=stpncpy
35 5 0 0 2 0 0 0 0 0
36 3 0 0 1 0 0 0 0 0
40 4 0 0 0 0 0 0 0 0
43 3 0 0 0 0 0 0 0 0
46 5 1 1 1 0 0 0 0 0
fn=strncpy
35 5 0 0 2 0 0 0 0 0
36 3 0 0 1 0 0 0 0 0
40 4 0 0 0 0 0 0 0 0
43 3 0 0 0 0 0 0 0 0
46 5 1 1 1 0 0 0 0 0
fl=./string/../sysdeps/x86_64/multiarch/memchr-avx2.S
fn=__memchr_avx2
61 1 1 1 0 0 0 0 0 0
68 1 0 0 0 0 0 0 0 0
70 1 0 0 0 0 0 0 0 0
73 1 0 0 0 0 0 0 0 0
74 1 0 0 0 0 0 0 0 0
76 1 0 0 0 0 0 0 0 0
77 1 0 0 0 0 0 0 0 0
78 1 0 0 0 0 0 0 0 0
79 1 0 0 0 0 0 0 0 0
82 1 0 0 1 0 0 0 0 0
83 1 0 0 0 0 0 0 0 0
86 1 0 0 0 0 0 0 0 0
87 1 0 0 0 0 0 0 0 0
101 1 1 1 0 0 0 0 0 0
106 1 0 0 0 0 0 0 0 0
113 1 0 0 0 0 0 0 0 0
114 1 0 0 0 0 0 0 0 0
115 1 0 0 0 0 0 0 0 0
116 1 0 0 1 0 0 0 0 0
fl=./string/../sysdeps/x86_64/multiarch/memchr.c
fn=memchr
29 4 2 2 2 0 0 0 0 0
fl=./string/../sysdeps/x86_64/multiarch/memcmp-avx2-movbe.S
fn=__memcmp_avx2_movbe
73 50 1 1 0 0 0 0 0 0
80 50 0 0 0 0 0 0 0 0
81 50 0 0 0 0 0 0 0 0
84 1 0 0 1 0 0 0 0 0
85 1 0 0 1 0 0 0 0 0
86 1 0 0 0 0 0 0 0 0
90 1 0 0 0 0 0 0 0 0
91 1 1 1 0 0 0 0 0 0
93 1 0 0 0 0 0 0 0 0
94 1 0 0 0 0 0 0 0 0
97 1 0 0 1 0 0 0 0 0
98 1 0 0 1 0 0 0 0 0
99 1 0 0 0 0 0 0 0 0
102 1 0 0 0 0 0 0 0 0
103 1 0 0 0 0 0 0 0 0
106 1 0 0 0 0 0 0 0 0
107 1 0 0 0 0 0 0 0 0
110 1 0 0 1 0 0 0 0 0
111 1 0 0 1 0 0 0 0 0
112 1 0 0 0 0 0 0 0 0
113 1 0 0 0 0 0 0 0 0
114 1 1 1 0 0 0 0 0 0
115 1 0 0 1 0 0 0 0 0
116 1 0 0 1 0 0 0 0 0
117 1 0 0 0 0 0 0 0 0
118 1 0 0 0 0 0 0 0 0
119 1 0 0 0 0 0 0 0 0
122 1 0 0 0 0 0 0 0 0
123 1 0 0 0 0 0 0 0 0
129 1 0 0 1 0 0 0 0 0
130 1 0 0 1 0 0 0 0 0
131 1 0 0 0 0 0 0 0 0
132 1 0 0 0 0 0 0 0 0
136 1 1 1 1 0 0 0 0 0
137 1 0 0 1 0 0 0 0 0
139 1 0 0 1 0 0 0 0 0
140 1 0 0 1 0 0 0 0 0
141 1 0 0 1 0 0 0 0 0
142 1 0 0 1 0 0 0 0 0
145 1 0 0 0 0 0 0 0 0
146 1 0 0 0 0 0 0 0 0
147 1 0 0 0 0 0 0 0 0
148 1 0 0 0 0 0 0 0 0
149 1 0 0 0 0 0 0 0 0
150 1 0 0 0 0 0 0 0 0
152 2 0 0 1 0 0 0 0 0
156 39 1 1 0 0 0 0 0 0
166 39 0 0 39 0 0 0 0 0
167 39 0 0 39 0 0 0 0 0
168 39 0 0 0 0 0 0 0 0
171 78 0 0 39 0 0 0 0 0
401 49 1 1 0 0 0 0 0 0
402 49 0 0 0 0 0 0 0 0
407 49 0 0 0 0 0 0 0 0
408 49 0 0 0 0 0 0 0 0
409 49 0 0 0 0 0 0 0 0
410 49 0 0 0 0 0 0 0 0
411 49 0 0 0 0 0 0 0 0
414 49 0 0 49 0 0 0 0 0
415 49 0 0 49 0 0 0 0 0
416 49 0 0 0 0 0 0 0 0
417 49 0 0 0 0 0 0 0 0
420 49 0 0 0 0 0 0 0 0
421 49 0 0 0 0 0 0 0 0
422 10 0 0 0 0 0 0 0 0
423 20 0 0 10 0 0 0 0 0
fl=./string/../sysdeps/x86_64/multiarch/memcmp.c
fn=bcmp
29 6 2 1 2 0 0 0 0 0
fl=./string/../sysdeps/x86_64/multiarch/memcpy.c
fn=memcpy@@GLIBC_2.14
29 3 2 2 0 0 0 0 0 0
fl=./string/../sysdeps/x86_64/multiarch/memmove-vec-unaligned-erms.S
fn=__memcpy_avx_unaligned_erms
255 1504 1 1 0 0 0 0 0 0
256 1504 0 0 0 0 0 0 0 0
262 1511 0 0 0 0 0 0 0 0
263 1511 0 0 0 0 0 0 0 0
265 1501 0 0 1501 0 0 0 0 0
266 1501 0 0 0 0 0 0 0 0
267 1501 0 0 0 0 0 0 0 0
270 1 0 0 1 0 0 0 0 0
271 1 0 0 0 0 0 1 0 0
272 1 0 0 0 0 0 1 1 1
275 2 0 0 1 0 0 0 0 0
305 10 0 0 0 0 0 0 0 0
306 10 0 0 0 0 0 0 0 0
308 7 0 0 0 0 0 0 0 0
309 7 0 0 0 0 0 0 0 0
311 4 0 0 0 0 0 0 0 0
315 4 0 0 0 0 0 0 0 0
316 3 1 1 0 0 0 0 0 0
317 3 0 0 0 0 0 0 0 0
318 3 0 0 3 0 0 0 0 0
319 3 0 0 0 0 0 0 0 0
320 3 0 0 3 0 0 0 0 0
321 3 0 0 0 0 0 3 0 0
323 3 0 0 0 0 0 3 0 0
325 3 0 0 3 0 0 0 0 0
331 1 0 0 1 0 0 0 0 0
332 1 0 0 1 0 0 0 0 0
333 1 0 0 0 0 0 1 0 0
334 1 0 0 0 0 0 1 0 0
335 1 0 0 1 0 0 0 0 0
342 3 0 0 3 1 1 0 0 0
343 3 0 0 3 0 0 0 0 0
344 3 0 0 0 0 0 3 0 0
345 3 0 0 0 0 0 3 0 0
347 3 0 0 3 0 0 0 0 0
364 3 1 1 3 0 0 0 0 0
365 3 0 0 3 0 0 0 0 0
366 3 0 0 0 0 0 3 0 0
367 3 0 0 0 0 0 3 0 0
368 3 0 0 3 0 0 0 0 0
386 1500 1 1 1500 1 0 0 0 0
387 1500 0 0 0 0 0 0 0 0
392 1500 0 0 0 0 0 0 0 0
393 1500 0 0 0 0 0 0 0 0
417 1500 1 1 0 0 0 0 0 0
418 1500 0 0 0 0 0 0 0 0
422 1500 0 0 0 0 0 0 0 0
424 1500 1 1 0 0 0 0 0 0
428 1500 0 0 1500 1 0 0 0 0
429 1500 0 0 0 0 0 0 0 0
440 1500 0 0 0 0 0 0 0 0
443 1500 0 0 0 0 0 0 0 0
445 1500 0 0 0 0 0 0 0 0
447 1500 0 0 0 0 0 0 0 0
451 1500 0 0 0 0 0 0 0 0
452 1500 0 0 0 0 0 0 0 0
461 1407 0 0 1407 0 0 0 0 0
462 1407 0 0 1407 0 0 0 0 0
464 1407 0 0 0 0 0 0 0 0
466 1407 0 0 0 0 0 0 0 0
467 1407 1 1 1407 0 0 0 0 0
468 1407 0 0 1407 0 0 0 0 0
471 1407 0 0 0 0 0 0 0 0
473 1407 0 0 0 0 0 0 0 0
475 1407 0 0 0 0 0 0 0 0
477 2814 0 0 0 0 0 0 0 0
483 42914 0 0 42914 0 0 0 0 0
484 42914 0 0 42914 0 0 0 0 0
485 42914 0 0 42914 0 0 0 0 0
486 42914 0 0 42914 0 0 0 0 0
487 42914 0 0 0 0 0 0 0 0
488 42914 0 0 0 0 0 42914 21823 21823
489 42914 0 0 0 0 0 42914 21442 21442
490 42914 1 1 0 0 0 42914 21472 21472
491 42914 0 0 0 0 0 42914 21090 21090
492 42914 0 0 0 0 0 0 0 0
493 42914 0 0 0 0 0 0 0 0
494 42914 0 0 0 0 0 0 0 0
496 1407 0 0 0 0 0 1407 352 352
497 1407 0 0 0 0 0 1407 351 351
498 1407 0 0 0 0 0 1407 352 352
499 1407 0 0 0 0 0 1407 0 0
501 1407 0 0 0 0 0 1407 0 0
505 2814 0 0 1407 0 0 0 0 0
518 93 0 0 93 0 0 0 0 0
519 93 0 0 93 0 0 0 0 0
521 93 1 1 0 0 0 0 0 0
522 93 0 0 93 0 0 0 0 0
523 93 0 0 93 0 0 0 0 0
525 93 0 0 0 0 0 0 0 0
527 93 0 0 0 0 0 0 0 0
529 186 0 0 0 0 0 0 0 0
535 2836 0 0 2836 0 0 0 0 0
536 2836 0 0 2836 0 0 0 0 0
537 2836 0 0 2836 0 0 0 0 0
538 2836 0 0 2836 0 0 0 0 0
539 2836 0 0 0 0 0 0 0 0
540 2836 0 0 0 0 0 2836 1456 1456
541 2836 1 1 0 0 0 2836 1403 1403
542 2836 0 0 0 0 0 2836 1433 1433
543 2836 0 0 0 0 0 2836 1380 1380
544 2836 0 0 0 0 0 0 0 0
545 2836 0 0 0 0 0 0 0 0
546 2836 0 0 0 0 0 0 0 0
548 93 0 0 0 0 0 93 24 24
549 93 0 0 0 0 0 93 23 23
550 93 0 0 0 0 0 93 24 24
551 93 0 0 0 0 0 93 0 0
553 93 0 0 0 0 0 93 0 0
554 186 0 0 93 0 0 0 0 0
fn=__mempcpy_avx_unaligned_erms
242 7 1 1 0 0 0 0 0 0
243 7 0 0 0 0 0 0 0 0
244 7 0 0 0 0 0 0 0 0
245 7 0 0 0 0 0 0 0 0
fn=memcpy
210 32 3 2 0 0 0 0 0 0
211 32 0 0 0 0 0 0 0 0
217 59 0 0 0 0 0 0 0 0
218 59 0 0 0 0 0 0 0 0
220 31 0 0 31 2 1 0 0 0
221 31 0 0 0 0 0 0 0 0
222 31 0 0 0 0 0 0 0 0
224 8 0 0 8 0 0 0 0 0
225 8 0 0 0 0 0 8 0 0
226 8 0 0 0 0 0 8 1 1
228 8 0 0 8 0 0 0 0 0
308 28 1 1 0 0 0 0 0 0
309 28 0 0 0 0 0 0 0 0
311 7 0 0 0 0 0 0 0 0
315 7 0 0 0 0 0 0 0 0
316 7 0 0 0 0 0 0 0 0
317 7 0 0 0 0 0 0 0 0
318 1 0 0 1 1 1 0 0 0
319 1 0 0 0 0 0 0 0 0
323 1 0 0 0 0 0 1 1 1
325 7 0 0 7 0 0 0 0 0
364 21 1 1 21 0 0 0 0 0
365 21 0 0 21 0 0 0 0 0
366 21 0 0 0 0 0 21 6 6
367 21 0 0 0 0 0 21 1 1
368 21 0 0 21 0 0 0 0 0
375 22 0 0 22 1 0 0 0 0
376 22 0 0 22 0 0 0 0 0
377 22 0 0 0 0 0 22 6 6
378 22 0 0 0 0 0 22 2 2
379 22 0 0 0 0 0 22 7 7
380 22 0 0 0 0 0 22 0 0
381 22 0 0 22 0 0 0 0 0
392 23 1 1 0 0 0 0 0 0
393 23 0 0 0 0 0 0 0 0
395 22 0 0 22 0 0 0 0 0
396 22 2 2 0 0 0 0 0 0
397 22 0 0 0 0 0 0 0 0
417 1 1 1 0 0 0 0 0 0
418 1 0 0 0 0 0 0 0 0
422 1 0 0 0 0 0 0 0 0
424 1 0 0 0 0 0 0 0 0
440 1 0 0 0 0 0 0 0 0
443 1 0 0 0 0 0 0 0 0
445 1 0 0 0 0 0 0 0 0
447 1 0 0 0 0 0 0 0 0
451 1 0 0 0 0 0 0 0 0
452 1 0 0 0 0 0 0 0 0
461 1 0 0 1 1 1 0 0 0
462 1 0 0 1 1 1 0 0 0
464 1 0 0 0 0 0 0 0 0
466 1 0 0 0 0 0 0 0 0
467 1 0 0 1 0 0 0 0 0
468 1 1 1 1 0 0 0 0 0
471 1 0 0 0 0 0 0 0 0
473 1 0 0 0 0 0 0 0 0
475 1 0 0 0 0 0 0 0 0
477 1 0 0 0 0 0 0 0 0
483 3 0 0 3 0 0 0 0 0
484 3 0 0 3 0 0 0 0 0
485 3 0 0 3 0 0 0 0 0
486 3 0 0 3 2 2 0 0 0
487 3 0 0 0 0 0 0 0 0
488 3 0 0 0 0 0 3 1 1
489 3 0 0 0 0 0 3 0 0
490 3 0 0 0 0 0 3 0 0
491 3 0 0 0 0 0 3 3 3
492 3 0 0 0 0 0 0 0 0
493 3 0 0 0 0 0 0 0 0
494 3 0 0 0 0 0 0 0 0
496 1 1 1 0 0 0 1 1 1
497 1 0 0 0 0 0 1 0 0
498 1 0 0 0 0 0 1 0 0
499 1 0 0 0 0 0 1 0 0
501 1 0 0 0 0 0 1 0 0
505 1 0 0 1 0 0 0 0 0
fn=mempcpy
197 27 0 0 0 0 0 0 0 0
198 27 0 0 0 0 0 0 0 0
199 27 0 0 0 0 0 0 0 0
200 27 0 0 0 0 0 0 0 0
fl=./string/../sysdeps/x86_64/multiarch/memmove.c
fn=memmove
29 1 1 1 0 0 0 0 0 0
fl=./string/../sysdeps/x86_64/multiarch/mempcpy.c
fn=mempcpy
33 1 1 1 0 0 0 0 0 0
fl=./string/../sysdeps/x86_64/multiarch/memrchr.c
fn=memrchr
29 1 1 1 0 0 0 0 0 0
fl=./string/../sysdeps/x86_64/multiarch/memset-vec-unaligned-erms.S
fn=__memset_avx2_unaligned_erms
198 2 1 1 0 0 0 0 0 0
199 4 0 0 0 0 0 0 0 0
204 2 0 0 0 0 0 0 0 0
205 2 0 0 0 0 0 0 0 0
206 2 0 0 0 0 0 0 0 0
207 2 0 0 0 0 0 0 0 0
208 2 0 0 0 0 0 0 0 0
229 2 1 1 2 1 0 0 0 0
230 2 0 0 0 0 0 0 0 0
236 2 0 0 0 0 0 2 2 2
237 2 0 0 0 0 0 2 2 2
249 2 0 0 0 0 0 0 0 0
252 2 0 0 0 0 0 0 0 0
253 2 0 0 0 0 0 0 0 0
265 2 0 0 0 0 0 2 0 0
266 2 0 0 0 0 0 2 2 2
279 2 0 0 0 0 0 0 0 0
280 2 0 0 0 0 0 0 0 0
282 2 0 0 0 0 0 0 0 0
285 2 0 0 0 0 0 0 0 0
288 2 0 0 0 0 0 0 0 0
291 2 1 1 0 0 0 2 0 0
292 2 0 0 0 0 0 2 2 2
293 2 0 0 0 0 0 2 0 0
294 2 0 0 0 0 0 2 2 2
295 2 0 0 0 0 0 0 0 0
296 2 0 0 0 0 0 0 0 0
297 4 0 0 0 0 0 0 0 0
300 2 0 0 0 0 0 2 0 0
301 2 0 0 0 0 0 2 2 2
302 2 0 0 0 0 0 2 0 0
303 2 0 0 0 0 0 2 1 1
306 4 0 0 2 0 0 0 0 0
fl=./string/../sysdeps/x86_64/multiarch/memset.c
fn=memset
29 6 1 1 3 0 0 0 0 0
fl=./string/../sysdeps/x86_64/multiarch/stpcpy.c
fn=stpcpy
33 2 1 1 1 0 0 0 0 0
fl=./string/../sysdeps/x86_64/multiarch/stpncpy.c
fn=stpncpy
31 1 1 1 0 0 0 0 0 0
fn=strcasecmp
31 1 0 0 0 0 0 0 0 0
fl=./string/../sysdeps/x86_64/multiarch/strcasecmp.c
fn=strcasecmp
31 2 0 0 1 0 0 0 0 0
fl=./string/../sysdeps/x86_64/multiarch/strcasecmp_l.c
fn=strcasecmp_l
31 3 1 1 1 0 0 0 0 0
fl=./string/../sysdeps/x86_64/multiarch/strcat.c
fn=strcat
29 2 1 1 1 0 0 0 0 0
fl=./string/../sysdeps/x86_64/multiarch/strchr-avx2.S
fn=__strchrnul_avx2
53 2 1 1 0 0 0 0 0 0
55 2 0 0 0 0 0 0 0 0
56 2 0 0 0 0 0 0 0 0
57 2 0 0 0 0 0 0 0 0
58 2 0 0 0 0 0 0 0 0
59 2 0 0 0 0 0 0 0 0
62 2 0 0 0 0 0 0 0 0
63 2 1 1 0 0 0 0 0 0
67 2 0 0 2 0 0 0 0 0
68 2 0 0 0 0 0 0 0 0
69 2 0 0 0 0 0 0 0 0
70 2 0 0 0 0 0 0 0 0
71 2 0 0 0 0 0 0 0 0
72 2 0 0 0 0 0 0 0 0
73 2 0 0 0 0 0 0 0 0
74 2 0 0 0 0 0 0 0 0
87 2 0 0 0 0 0 0 0 0
89 4 0 0 2 0 0 0 0 0
fl=./string/../sysdeps/x86_64/multiarch/strchr.c
fn=index
42 2 0 0 2 0 0 0 0 0
43 4 0 0 0 0 0 0 0 0
44 3 1 1 1 0 0 0 0 0
48 4 0 0 0 0 0 0 0 0
51 3 0 0 0 0 0 0 0 0
54 3 0 0 0 0 0 0 0 0
65 2 1 1 1 0 0 0 0 0
fl=./string/../sysdeps/x86_64/multiarch/strchrnul.c
fn=strchrnul
31 1 1 1 0 0 0 0 0 0
fl=./string/../sysdeps/x86_64/multiarch/strcmp-avx2.S
fn=__strncmp_avx2
206 8 1 1 0 0 0 0 0 0
230 8 0 0 0 0 0 0 0 0
235 8 0 0 0 0 0 0 0 0
249 8 0 0 0 0 0 0 0 0
274 8 0 0 0 0 0 0 0 0
275 8 0 0 0 0 0 0 0 0
276 8 0 0 0 0 0 0 0 0
278 8 0 0 0 0 0 0 0 0
279 8 1 1 0 0 0 0 0 0
283 7 0 0 7 0 0 0 0 0
287 7 0 0 7 4 0 0 0 0
289 7 0 0 0 0 0 0 0 0
291 7 0 0 0 0 0 0 0 0
294 7 0 0 0 0 0 0 0 0
296 7 0 0 0 0 0 0 0 0
297 7 0 0 0 0 0 0 0 0
308 7 0 0 0 0 0 0 0 0
318 7 0 0 7 0 0 0 0 0
319 7 0 0 7 0 0 0 0 0
322 7 0 0 0 0 0 0 0 0
326 14 0 0 7 0 0 0 0 0
331 7 0 0 0 0 0 0 0 0
332 7 0 0 0 0 0 0 0 0
333 7 0 0 0 0 0 0 0 0
957 1 1 1 0 0 0 0 0 0
958 1 0 0 0 0 0 0 0 0
959 1 0 0 0 0 0 0 0 0
960 1 0 0 0 0 0 0 0 0
962 1 0 0 0 0 0 0 0 0
965 1 0 0 0 0 0 0 0 0
966 1 0 0 0 0 0 0 0 0
993 1 1 1 1 0 0 0 0 0
994 1 0 0 1 0 0 0 0 0
995 1 0 0 0 0 0 0 0 0
996 1 0 0 0 0 0 0 0 0
997 1 0 0 0 0 0 0 0 0
998 1 0 0 0 0 0 0 0 0
1000 1 0 0 0 0 0 0 0 0
1047 1 1 1 1 0 0 0 0 0
1048 1 0 0 1 0 0 0 0 0
1051 1 0 0 0 0 0 0 0 0
1052 1 0 0 0 0 0 0 0 0
1053 1 0 0 0 0 0 0 0 0
1056 2 0 0 1 0 0 0 0 0
1063 1 0 0 0 0 0 0 0 0
1064 1 0 0 0 0 0 0 0 0
1065 1 0 0 0 0 0 0 0 0
1066 1 0 0 0 0 0 0 0 0
1076 1 1 1 0 0 0 0 0 0
1077 1 0 0 0 0 0 0 0 0
1080 1 0 0 0 0 0 0 0 0
1081 1 0 0 0 0 0 0 0 0
1082 1 0 0 0 0 0 0 0 0
1083 1 0 0 0 0 0 0 0 0
1089 1 1 1 0 0 0 0 0 0
1091 1 0 0 0 0 0 0 0 0
1094 1 0 0 0 0 0 0 0 0
1095 1 0 0 0 0 0 0 0 0
fl=./string/../sysdeps/x86_64/multiarch/strcmp.c
fn=strcmp
47 1 0 0 1 0 0 0 0 0
48 4 0 0 1 0 0 0 0 0
49 3 1 1 1 0 0 0 0 0
53 4 0 0 1 0 0 0 0 0
56 3 0 0 1 0 0 0 0 0
59 3 0 0 0 0 0 0 0 0
79 2 2 2 1 0 0 0 0 0
fl=./string/../sysdeps/x86_64/multiarch/strcpy.c
fn=strcpy
29 2 1 1 1 0 0 0 0 0
fl=./string/../sysdeps/x86_64/multiarch/strcspn.c
fn=strcspn
29 2 1 1 1 0 0 0 0 0
fl=./string/../sysdeps/x86_64/multiarch/strlen-avx2.S
fn=__strlen_avx2
52 75 2 2 0 0 0 0 0 0
65 75 0 0 0 0 0 0 0 0
66 75 0 0 0 0 0 0 0 0
67 75 0 0 0 0 0 0 0 0
70 75 0 0 0 0 0 0 0 0
72 75 0 0 0 0 0 0 0 0
73 75 0 0 0 0 0 0 0 0
76 75 0 0 75 9 9 0 0 0
77 75 0 0 0 0 0 0 0 0
85 75 0 0 0 0 0 0 0 0
86 75 0 0 0 0 0 0 0 0
87 74 0 0 0 0 0 0 0 0
92 148 0 0 74 0 0 0 0 0
118 1 1 1 0 0 0 0 0 0
131 1 0 0 0 0 0 0 0 0
132 1 0 0 0 0 0 0 0 0
133 1 0 0 0 0 0 0 0 0
139 2 0 0 1 0 0 0 0 0
221 1 1 1 0 0 0 0 0 0
236 1 0 0 1 0 0 0 0 0
242 1 0 0 0 0 0 0 0 0
243 1 0 0 0 0 0 0 0 0
244 1 0 0 0 0 0 0 0 0
fl=./string/../sysdeps/x86_64/multiarch/strlen.c
fn=strlen
29 2 2 2 0 0 0 0 0 0
fl=./string/../sysdeps/x86_64/multiarch/strncase.c
fn=strncasecmp
31 3 1 1 1 0 0 0 0 0
fl=./string/../sysdeps/x86_64/multiarch/strncase_l.c
fn=strncasecmp_l
31 3 1 1 1 0 0 0 0 0
fl=./string/../sysdeps/x86_64/multiarch/strncmp.c
fn=strncmp
43 1 0 0 1 0 0 0 0 0
44 4 0 0 1 0 0 0 0 0
45 3 1 1 1 0 0 0 0 0
49 4 1 1 1 0 0 0 0 0
52 3 0 0 1 0 0 0 0 0
55 4 0 0 0 0 0 0 0 0
67 3 1 1 1 0 0 0 0 0
fl=./string/../sysdeps/x86_64/multiarch/strncpy.c
fn=strncpy
29 1 1 1 0 0 0 0 0 0
fl=./string/../sysdeps/x86_64/multiarch/strnlen.c
fn=strnlen
31 2 1 1 0 0 0 0 0 0
fl=./string/../sysdeps/x86_64/multiarch/strpbrk.c
fn=strpbrk
29 2 1 1 1 0 0 0 0 0
fl=./string/../sysdeps/x86_64/multiarch/strrchr-avx2.S
fn=__strrchr_avx2
53 1 1 1 0 0 0 0 0 0
54 1 0 0 0 0 0 0 0 0
55 1 0 0 0 0 0 0 0 0
57 1 0 0 0 0 0 0 0 0
58 1 1 1 0 0 0 0 0 0
62 1 0 0 0 0 0 0 0 0
63 1 0 0 0 0 0 0 0 0
64 1 0 0 0 0 0 0 0 0
67 1 0 0 1 1 0 0 0 0
69 1 0 0 0 0 0 0 0 0
70 1 0 0 0 0 0 0 0 0
71 1 0 0 0 0 0 0 0 0
72 1 0 0 0 0 0 0 0 0
75 1 0 0 0 0 0 0 0 0
76 1 0 0 0 0 0 0 0 0
78 1 0 0 0 0 0 0 0 0
79 1 0 0 0 0 0 0 0 0
80 1 0 0 0 0 0 0 0 0
81 1 0 0 0 0 0 0 0 0
82 1 0 0 0 0 0 0 0 0
91 2 0 0 1 0 0 0 0 0
fl=./string/../sysdeps/x86_64/multiarch/strrchr.c
fn=rindex
28 1 0 0 0 0 0 0 0 0
fl=./string/../sysdeps/x86_64/multiarch/strspn.c
fn=strspn
29 2 1 1 1 0 0 0 0 0
fl=./string/./string/strdup.c
fn=strdup
40 36 1 1 0 0 0 18 0 0
41 12 0 0 0 0 0 6 0 0
44 12 0 0 0 0 0 0 0 0
47 24 0 0 0 0 0 0 0 0
48 18 0 0 18 0 0 0 0 0
fl=./time/../sysdeps/unix/sysv/linux/clock_gettime.c
fn=clock_gettime@@GLIBC_2.17
30 2 1 1 0 0 0 0 0 0
38 4 1 1 4 4 4 0 0 0
40 4 0 0 0 0 0 0 0 0
44 4 0 0 2 0 0 0 0 0
68 4 0 0 0 0 0 0 0 0
69 4 0 0 0 0 0 0 0 0
fl=./wcsmbs/../sysdeps/x86_64/multiarch/ifunc-avx2.h
fn=wcschr
38 6 0 0 4 0 0 0 0 0
40 8 0 0 0 0 0 0 0 0
41 4 1 1 2 0 0 0 0 0
42 6 0 0 2 0 0 0 0 0
46 8 0 0 0 0 0 0 0 0
49 6 0 0 0 0 0 0 0 0
52 10 0 0 2 0 0 0 0 0
fn=wcscmp
38 3 1 1 2 0 0 0 0 0
40 4 0 0 0 0 0 0 0 0
41 2 0 0 1 0 0 0 0 0
42 3 0 0 1 0 0 0 0 0
46 4 0 0 0 0 0 0 0 0
49 3 1 1 0 0 0 0 0 0
52 5 0 0 1 0 0 0 0 0
fl=./wcsmbs/../sysdeps/x86_64/multiarch/ifunc-evex.h
fn=wmemchr
37 6 0 0 4 0 0 0 0 0
38 8 0 0 0 0 0 0 0 0
39 6 1 1 2 0 0 0 0 0
43 4 0 0 0 0 0 0 0 0
51 6 0 0 0 0 0 0 0 0
54 8 0 0 0 0 0 0 0 0
fl=./wcsmbs/../sysdeps/x86_64/multiarch/ifunc-memcmp.h
fn=wmemcmp
34 7 0 0 2 0 0 0 0 0
35 2 1 1 1 0 0 0 0 0
37 3 0 0 1 0 0 0 0 0
41 2 0 0 0 0 0 0 0 0
44 3 0 0 0 0 0 0 0 0
47 5 0 0 0 0 0 0 0 0
fl=./wcsmbs/../sysdeps/x86_64/multiarch/ifunc-wcs.h
fn=wcpncpy
39 2 1 1 1 0 0 0 0 0
40 4 0 0 1 0 0 0 0 0
41 3 0 0 1 0 0 0 0 0
45 2 0 0 0 0 0 0 0 0
48 4 1 1 0 0 0 0 0 0
fn=wcscat
39 2 0 0 1 0 0 0 0 0
40 4 1 1 1 0 0 0 0 0
41 3 0 0 1 0 0 0 0 0
45 2 0 0 0 0 0 0 0 0
48 4 0 0 0 0 0 0 0 0
fn=wcsncpy
39 2 0 0 1 0 0 0 0 0
40 4 0 0 1 0 0 0 0 0
41 3 0 0 1 0 0 0 0 0
45 2 0 0 0 0 0 0 0 0
48 4 0 0 0 0 0 0 0 0
fl=./wcsmbs/../sysdeps/x86_64/multiarch/ifunc-wcslen.h
fn=wcslen
40 1 0 0 1 0 0 0 0 0
41 4 1 1 1 0 0 0 0 0
42 3 0 0 1 0 0 0 0 0
46 4 1 1 1 0 0 0 0 0
49 3 0 0 1 0 0 0 0 0
52 3 0 0 0 0 0 0 0 0
fn=wcsnlen
40 1 0 0 1 0 0 0 0 0
41 4 1 1 1 0 0 0 0 0
42 3 0 0 1 0 0 0 0 0
46 4 1 1 1 0 0 0 0 0
49 3 0 0 1 0 0 0 0 0
52 3 0 0 0 0 0 0 0 0
fl=./wcsmbs/../sysdeps/x86_64/multiarch/ifunc-wmemset.h
fn=wmemset
36 10 0 0 4 0 0 0 0 0
37 6 0 0 2 0 0 0 0 0
40 4 0 0 0 0 0 0 0 0
48 6 0 0 0 0 0 0 0 0
51 8 1 1 0 0 0 0 0 0
fl=./wcsmbs/../sysdeps/x86_64/multiarch/wcpncpy.c
fn=wcpncpy
31 3 1 1 1 0 0 0 0 0
fl=./wcsmbs/../sysdeps/x86_64/multiarch/wcscat.c
fn=wcscat
31 3 1 1 1 0 0 0 0 0
fl=./wcsmbs/../sysdeps/x86_64/multiarch/wcschr.c
fn=wcschr
31 2 1 1 0 0 0 0 0 0
fl=./wcsmbs/../sysdeps/x86_64/multiarch/wcscmp.c
fn=wcscmp
30 1 1 1 0 0 0 0 0 0
fl=./wcsmbs/../sysdeps/x86_64/multiarch/wcscpy.c
fn=wcscpy
42 2 0 0 2 0 0 0 0 0
43 4 0 0 0 0 0 0 0 0
44 3 1 1 1 0 0 0 0 0
47 3 0 0 0 0 0 0 0 0
50 3 0 0 0 0 0 0 0 0
60 2 1 1 1 0 0 0 0 0
fl=./wcsmbs/../sysdeps/x86_64/multiarch/wcslen.c
fn=wcslen
29 2 1 1 1 0 0 0 0 0
fl=./wcsmbs/../sysdeps/x86_64/multiarch/wcsncpy.c
fn=wcsncpy
31 3 1 1 1 0 0 0 0 0
fl=./wcsmbs/../sysdeps/x86_64/multiarch/wcsnlen.c
fn=wcsnlen
30 2 1 1 1 0 0 0 0 0
fl=./wcsmbs/../sysdeps/x86_64/multiarch/wmemchr.c
fn=wmemchr
31 4 1 1 2 0 0 0 0 0
fl=./wcsmbs/../sysdeps/x86_64/multiarch/wmemcmp.c
fn=wmemcmp
29 3 1 1 1 0 0 0 0 0
fl=./wcsmbs/../sysdeps/x86_64/multiarch/wmemset.c
fn=wmemset
31 4 1 1 2 0 0 0 0 0
fl=./wcsmbs/./wcsmbs/btowc.c
fn=btowc
32 1280 1 1 0 0 0 512 0 0
37 2304 0 0 256 0 0 256 0 0
42 512 1 1 0 0 0 0 0 0
46 384 0 0 384 1 0 0 0 0
47 256 0 0 256 2 0 0 0 0
48 256 0 0 128 1 0 0 0 0
52 512 1 1 128 0 0 0 0 0
55 1664 0 0 768 0 0 512 0 0
94 1024 1 1 896 0 0 0 0 0
fl=./wcsmbs/./wcsmbs/wctob.c
fn=wctob
30 896 1 1 128 0 0 256 0 0
39 384 0 0 0 0 0 0 0 0
44 256 0 0 0 0 0 0 0 0
45 128 0 0 0 0 0 0 0 0
79 768 1 1 512 0 0 0 0 0
fl=./wcsmbs/./wcsmbsload.h
fn=btowc
69 128 0 0 128 1 0 0 0 0
70 384 0 0 128 1 0 0 0 0
fl=./wctype/./wctype/wctype_l.c
fn=wctype_l
26 110 1 1 0 0 0 60 0 0
29 20 0 0 0 0 0 10 0 0
32 30 0 0 20 1 0 10 0 0
33 68 0 0 0 0 0 0 0 0
35 174 1 1 0 0 0 58 0 0
37 410 0 0 0 0 0 49 0 0
40 48 0 0 0 0 0 0 0 0
41 96 0 0 48 0 0 0 0 0
45 20 0 0 20 1 0 0 0 0
46 10 0 0 10 2 0 0 0 0
47 80 1 1 70 0 0 0 0 0
fl=???
fn=(below main)
0 12 1 1 2 1 0 3 0 0
fn=???
0 21732 301 297 10575 169 62 492 22 14
fn=__cpu_indicator_init
0 368 36 36 46 1 0 14 0 0
fn=__cxa_get_globals
0 16 1 1 4 0 0 4 0 0
fn=__gnu_cxx::stdio_sync_filebuf<char, std::char_traits<char> >::overflow(int)
0 14 1 1 2 0 0 0 0 0
fn=__gnu_cxx::stdio_sync_filebuf<char, std::char_traits<char> >::sync()
0 21 1 1 7 2 1 0 0 0
fn=__gnu_cxx::stdio_sync_filebuf<char, std::char_traits<char> >::xsputn(char const*, long)
0 40 2 2 8 1 1 0 0 0
fn=__gnu_cxx::stdio_sync_filebuf<wchar_t, std::char_traits<wchar_t> >::sync()
0 15 0 0 5 2 2 0 0 0
fn=__popcountdi2
0 21 2 2 1 0 0 0 0 0
fn=double* std::__uninitialized_copy_a<__gnu_cxx::__normal_iterator<double const*, std::vector<double, std::allocator<double> > >, __gnu_cxx::__normal_iterator<double const*, std::vector<double, std::allocator<double> > >, double*, double>(__gnu_cxx::__normal_iterator<double const*, std::vector<double, std::allocator<double> > >, __gnu_cxx::__normal_iterator<double const*, std::vector<double, std::allocator<double> > >, double*, std::allocator<double>&)
0 24000 0 0 7500 0 0 9000 0 0
fn=double* std::__uninitialized_default_n<double*, unsigned long>(double*, unsigned long)
0 42 0 0 12 0 0 15 0 0
fn=double* std::__uninitialized_default_n_1<true>::__uninit_default_n<double*, unsigned long>(double*, unsigned long)
0 195 5 5 81 0 0 57 0 0
fn=double* std::__uninitialized_default_n_a<double*, unsigned long, double>(double*, unsigned long, std::allocator<double>&)
0 42 2 2 12 0 0 15 0 0
fn=double* std::uninitialized_copy<__gnu_cxx::__normal_iterator<double const*, std::vector<double, std::allocator<double> > >, double*>(__gnu_cxx::__normal_iterator<double const*, std::vector<double, std::allocator<double> > >, __gnu_cxx::__normal_iterator<double const*, std::vector<double, std::allocator<double> > >, double*)
0 70500 3 3 27000 0 0 16500 0 0
fn=main
0 6711261449 28 28 2170583432 1662916 82607 1131882920 94128 84811
fn=operator delete(void*)
0 3012 1 1 0 0 0 0 0 0
fn=operator delete(void*, unsigned long)
0 3012 1 1 0 0 0 0 0 0
fn=operator new(unsigned long)
0 24096 2 2 4518 0 0 4518 0 0
fn=operator new(unsigned long, void*)
0 12024 2 2 4509 0 0 4509 0 0
fn=std::_UninitDestroyGuard<std::vector<double, std::allocator<double> >*, void>::_UninitDestroyGuard(std::vector<double, std::allocator<double> >*&)
0 45 1 1 21 0 0 15 0 0
fn=std::_UninitDestroyGuard<std::vector<double, std::allocator<double> >*, void>::release()
0 27 0 0 9 0 0 9 0 0
fn=std::_UninitDestroyGuard<std::vector<double, std::allocator<double> >*, void>::~_UninitDestroyGuard()
0 45 0 0 12 0 0 6 0 0
fn=std::_Vector_base<double, std::allocator<double> >::_M_allocate(unsigned long)
0 33066 2 2 10521 0 0 9018 0 0
fn=std::_Vector_base<double, std::allocator<double> >::_M_create_storage(unsigned long)
0 40581 2 2 18036 0 0 10521 0 0
fn=std::_Vector_base<double, std::allocator<double> >::_M_deallocate(double*, unsigned long)
0 37575 1 1 13527 0 0 12024 0 0
fn=std::_Vector_base<double, std::allocator<double> >::_M_get_Tp_allocator()
0 21042 1 1 9018 0 0 6012 0 0
fn=std::_Vector_base<double, std::allocator<double> >::_M_get_Tp_allocator() const
0 10500 2 2 4500 0 0 3000 0 0
fn=std::_Vector_base<double, std::allocator<double> >::_Vector_base(unsigned long, std::allocator<double> const&)
0 33066 3 3 10521 0 0 10521 0 0
fn=std::_Vector_base<double, std::allocator<double> >::_Vector_impl::_Vector_impl(std::allocator<double> const&)
0 33066 1 1 10521 0 0 12024 0 0
fn=std::_Vector_base<double, std::allocator<double> >::_Vector_impl::~_Vector_impl()
0 21042 2 2 6012 0 0 6012 0 0
fn=std::_Vector_base<double, std::allocator<double> >::_Vector_impl_data::_Vector_impl_data()
0 19539 1 1 7515 0 0 7515 562 559
fn=std::_Vector_base<double, std::allocator<double> >::~_Vector_base()
0 37575 1 1 15030 186 95 6012 0 0
fn=std::_Vector_base<std::vector<double, std::allocator<double> >, std::allocator<std::vector<double, std::allocator<double> > > >::_M_allocate(unsigned long)
0 66 1 1 21 0 0 18 0 0
fn=std::_Vector_base<std::vector<double, std::allocator<double> >, std::allocator<std::vector<double, std::allocator<double> > > >::_M_create_storage(unsigned long)
0 90 2 2 36 0 0 21 0 0
fn=std::_Vector_base<std::vector<double, std::allocator<double> >, std::allocator<std::vector<double, std::allocator<double> > > >::_M_deallocate(std::vector<double, std::allocator<double> >*, unsigned long)
0 75 2 2 27 0 0 24 0 0
fn=std::_Vector_base<std::vector<double, std::allocator<double> >, std::allocator<std::vector<double, std::allocator<double> > > >::_M_get_Tp_allocator()
0 42 1 1 18 0 0 12 0 0
fn=std::_Vector_base<std::vector<double, std::allocator<double> >, std::allocator<std::vector<double, std::allocator<double> > > >::_Vector_base(unsigned long, std::allocator<std::vector<double, std::allocator<double> > > const&)
0 66 2 2 21 0 0 21 0 0
fn=std::_Vector_base<std::vector<double, std::allocator<double> >, std::allocator<std::vector<double, std::allocator<double> > > >::_Vector_impl::_Vector_impl(std::allocator<std::vector<double, std::allocator<double> > > const&)
0 66 1 1 21 0 0 24 0 0
fn=std::_Vector_base<std::vector<double, std::allocator<double> >, std::allocator<std::vector<double, std::allocator<double> > > >::_Vector_impl::~_Vector_impl()
0 42 1 1 12 0 0 12 0 0
fn=std::_Vector_base<std::vector<double, std::allocator<double> >, std::allocator<std::vector<double, std::allocator<double> > > >::_Vector_impl_data::_Vector_impl_data()
0 39 1 1 15 0 0 15 1 0
fn=std::_Vector_base<std::vector<double, std::allocator<double> >, std::allocator<std::vector<double, std::allocator<double> > > >::~_Vector_base()
0 78 2 2 30 5 1 12 0 0
fn=std::__cxx11::messages<char>::messages(unsigned long)
0 20 2 2 4 1 0 8 0 0
fn=std::__cxx11::messages<wchar_t>::messages(unsigned long)
0 20 2 2 4 0 0 8 1 1
fn=std::__cxx11::moneypunct<char, false>::_M_initialize_moneypunct(__locale_struct*, char const*)
0 107 4 4 35 2 1 28 0 0
fn=std::__cxx11::moneypunct<char, true>::_M_initialize_moneypunct(__locale_struct*, char const*)
0 107 4 4 35 0 0 28 0 0
fn=std::__cxx11::moneypunct<wchar_t, false>::_M_initialize_moneypunct(__locale_struct*, char const*)
0 104 6 6 26 0 0 28 0 0
fn=std::__cxx11::moneypunct<wchar_t, true>::_M_initialize_moneypunct(__locale_struct*, char const*)
0 104 6 6 26 0 0 28 0 0
fn=std::__cxx11::numpunct<char>::_M_initialize_numpunct(__locale_struct*)
0 416 7 7 136 6 3 74 0 0
fn=std::__cxx11::numpunct<wchar_t>::_M_initialize_numpunct(__locale_struct*)
0 350 5 5 72 0 0 73 3 3
fn=std::__new_allocator<double>::allocate(unsigned long, void const*)
0 36072 2 2 7515 0 0 9018 0 0
fn=std::__new_allocator<double>::deallocate(double*, unsigned long)
0 22545 2 2 6012 0 0 7515 0 0
fn=std::__new_allocator<double>::~__new_allocator()
0 21063 0 0 6018 0 0 6018 0 0
fn=std::__new_allocator<std::vector<double, std::allocator<double> > >::allocate(unsigned long, void const*)
0 81 2 2 15 0 0 18 0 0
fn=std::__new_allocator<std::vector<double, std::allocator<double> > >::deallocate(std::vector<double, std::allocator<double> >*, unsigned long)
0 57 1 1 12 0 0 15 0 0
fn=std::__new_allocator<std::vector<double, std::allocator<double> > >::~__new_allocator()
0 63 0 0 18 0 0 18 0 0
fn=std::__num_base::_S_format_float(std::ios_base const&, char*, char)
0 30 3 3 2 0 0 4 0 0
fn=std::__size_to_integer(unsigned long)
0 21 0 0 9 0 0 6 0 0
fn=std::__timepunct<char>::_M_initialize_timepunct(__locale_struct*)
0 134 13 13 31 3 0 32 0 0
fn=std::__timepunct<char>::__timepunct(std::__timepunct_cache<char>*, unsigned long)
0 23 2 2 4 1 0 9 0 0
fn=std::__timepunct<wchar_t>::_M_initialize_timepunct(__locale_struct*)
0 130 14 14 31 3 0 31 0 0
fn=std::__timepunct<wchar_t>::__timepunct(std::__timepunct_cache<wchar_t>*, unsigned long)
0 23 2 2 4 1 0 9 1 1
fn=std::basic_ios<char, std::char_traits<char> >::_M_cache_locale(std::locale const&)
0 128 3 3 64 1 0 36 0 0
fn=std::basic_ios<char, std::char_traits<char> >::init(std::basic_streambuf<char, std::char_traits<char> >*)
0 143 4 4 31 1 0 46 0 0
fn=std::basic_ios<wchar_t, std::char_traits<wchar_t> >::_M_cache_locale(std::locale const&)
0 128 3 3 64 2 0 36 0 0
fn=std::basic_ios<wchar_t, std::char_traits<wchar_t> >::init(std::basic_streambuf<wchar_t, std::char_traits<wchar_t> >*)
0 128 3 3 28 2 0 48 0 0
fn=std::basic_ostream<char, std::char_traits<char> >& std::__ostream_insert<char, std::char_traits<char> >(std::basic_ostream<char, std::char_traits<char> >&, char const*, long)
0 270 5 5 120 2 2 55 0 0
fn=std::basic_ostream<char, std::char_traits<char> >& std::endl<char, std::char_traits<char> >(std::basic_ostream<char, std::char_traits<char> >&)
0 40 2 2 14 1 1 6 0 0
fn=std::basic_ostream<char, std::char_traits<char> >& std::operator<< <char, std::char_traits<char> >(std::basic_ostream<char, std::char_traits<char> >&, std::_Setprecision)
0 7 1 1 3 0 0 1 0 0
fn=std::basic_ostream<char, std::char_traits<char> >& std::operator<< <std::char_traits<char> >(std::basic_ostream<char, std::char_traits<char> >&, char const*)
0 95 2 2 20 0 0 25 0 0
fn=std::basic_ostream<wchar_t, std::char_traits<wchar_t> >::flush()
0 183 5 5 89 10 10 30 0 0
fn=std::basic_ostream<wchar_t, std::char_traits<wchar_t> >::sentry::sentry(std::basic_ostream<wchar_t, std::char_traits<wchar_t> >&)
0 76 3 3 26 1 1 16 0 0
fn=std::chrono::_V2::system_clock::now()
0 32 2 2 14 2 2 6 0 0
fn=std::chrono::duration<double, std::ratio<1l, 1l> > std::chrono::__duration_cast_impl<std::chrono::duration<double, std::ratio<1l, 1l> >, std::ratio<1l, 1000000000l>, double, true, false>::__cast<long, std::ratio<1l, 1000000000l> >(std::chrono::duration<long, std::ratio<1l, 1000000000l> > const&)
0 27 2 2 8 1 1 6 0 0
fn=std::chrono::duration<double, std::ratio<1l, 1l> >::count() const
0 16 0 0 8 0 0 4 0 0
fn=std::chrono::duration<double, std::ratio<1l, 1l> >::duration<double, void>(double const&)
0 12 0 0 5 0 0 4 0 0
fn=std::chrono::duration<double, std::ratio<1l, 1l> >::duration<long, std::ratio<1l, 1000000000l>, void>(std::chrono::duration<long, std::ratio<1l, 1000000000l> > const&)
0 25 1 1 7 0 0 8 0 0
fn=std::chrono::duration<long, std::ratio<1l, 1000000000l> >::count() const
0 24 0 0 12 0 0 6 1 1
fn=std::chrono::duration<long, std::ratio<1l, 1000000000l> >::duration<long, void>(long const&)
0 12 1 1 5 0 0 4 0 0
fn=std::chrono::time_point<std::chrono::_V2::system_clock, std::chrono::duration<long, std::ratio<1l, 1000000000l> > >::time_since_epoch() const
0 16 0 0 8 0 0 4 0 0
fn=std::codecvt<char, char, __mbstate_t>::codecvt(unsigned long)
0 18 2 2 4 1 0 6 1 1
fn=std::codecvt<wchar_t, char, __mbstate_t>::codecvt(unsigned long)
0 18 2 2 4 0 0 6 2 2
fn=std::common_type<std::chrono::duration<long, std::ratio<1l, 1000000000l> >, std::chrono::duration<long, std::ratio<1l, 1000000000l> > >::type std::chrono::operator-<long, std::ratio<1l, 1000000000l>, long, std::ratio<1l, 1000000000l> >(std::chrono::duration<long, std::ratio<1l, 1000000000l> > const&, std::chrono::duration<long, std::ratio<1l, 1000000000l> > const&)
0 38 3 3 11 0 0 11 1 1
fn=std::common_type<std::chrono::duration<long, std::ratio<1l, 1000000000l> >, std::chrono::duration<long, std::ratio<1l, 1000000000l> > >::type std::chrono::operator-<std::chrono::_V2::system_clock, std::chrono::duration<long, std::ratio<1l, 1000000000l> >, std::chrono::duration<long, std::ratio<1l, 1000000000l> > >(std::chrono::time_point<std::chrono::_V2::system_clock, std::chrono::duration<long, std::ratio<1l, 1000000000l> > > const&, std::chrono::time_point<std::chrono::_V2::system_clock, std::chrono::duration<long, std::ratio<1l, 1000000000l> > > const&)
0 27 2 2 7 0 0 9 0 0
fn=std::ctype<char>::_M_widen_init() const
0 744 11 11 26 3 1 37 2 0
fn=std::ctype<char>::ctype(unsigned short const*, bool, unsigned long)
0 100 5 5 9 2 0 46 9 9
fn=std::ctype<wchar_t>::_M_convert_to_wmask(unsigned short) const
0 146 7 7 12 0 0 0 0 0
fn=std::ctype<wchar_t>::_M_initialize_ctype()
0 2739 5 5 6 0 0 811 20 20
fn=std::ctype<wchar_t>::ctype(unsigned long)
0 20 2 2 3 0 0 7 1 1
fn=std::ctype<wchar_t>::do_widen(char) const
0 16 1 1 8 0 0 0 0 0
fn=std::enable_if<std::chrono::__is_duration<std::chrono::duration<double, std::ratio<1l, 1l> > >::value, std::chrono::duration<double, std::ratio<1l, 1l> > >::type std::chrono::duration_cast<std::chrono::duration<double, std::ratio<1l, 1l> >, long, std::ratio<1l, 1000000000l> >(std::chrono::duration<long, std::ratio<1l, 1000000000l> > const&)
0 10 0 0 3 0 0 3 0 0
fn=std::error_category::error_category()
0 10 1 1 4 1 0 2 0 0
fn=std::error_category::~error_category()
0 4 0 0 2 0 0 0 0 0
fn=std::fixed(std::ios_base&)
0 13 1 1 4 0 0 3 0 0
fn=std::future_category()
0 3 1 1 1 0 0 0 0 0
fn=std::ios_base::Init::Init()
0 264 26 26 62 14 1 132 16 3
fn=std::ios_base::Init::~Init()
0 26 3 3 11 8 7 8 0 0
fn=std::ios_base::_M_init()
0 192 3 3 56 1 1 64 0 0
fn=std::ios_base::ios_base()
0 480 3 3 8 0 0 192 31 23
fn=std::ios_base::setf(std::_Ios_Fmtflags, std::_Ios_Fmtflags)
0 33 1 1 10 0 0 9 0 0
fn=std::locale::_Impl::_Impl(unsigned long)
0 556 57 57 89 38 1 286 37 36
fn=std::locale::_Impl::_M_install_facet(std::locale::id const*, std::locale::facet const*)
0 12256 6 6 3648 1 0 320 0 0
fn=std::locale::facet::_S_create_c_locale(__locale_struct*&, char const*, __locale_struct*)
0 14 2 2 3 0 0 4 0 0
fn=std::locale::facet::_S_get_c_locale()
0 180 4 4 45 1 1 30 0 0
fn=std::locale::facet::_S_get_c_name()
0 21 1 1 7 0 0 0 0 0
fn=std::locale::id::_M_id() const
0 972 3 3 324 14 9 96 0 0
fn=std::locale::locale()
0 374 3 3 110 0 0 110 2 1
fn=std::locale::locale(std::locale::_Impl*)
0 3 1 1 1 0 0 1 1 0
fn=std::locale::operator=(std::locale const&)
0 112 2 2 40 0 0 8 0 0
fn=std::locale::~locale()
0 48 1 1 24 0 0 0 0 0
fn=std::messages<char>::messages(unsigned long)
0 20 2 2 4 0 0 8 1 1
fn=std::messages<wchar_t>::messages(unsigned long)
0 20 2 2 4 0 0 8 0 0
fn=std::moneypunct<char, false>::_M_initialize_moneypunct(__locale_struct*, char const*)
0 107 5 5 35 0 0 28 1 0
fn=std::moneypunct<char, true>::_M_initialize_moneypunct(__locale_struct*, char const*)
0 107 5 5 35 0 0 28 0 0
fn=std::moneypunct<wchar_t, false>::_M_initialize_moneypunct(__locale_struct*, char const*)
0 104 6 6 26 0 0 28 0 0
fn=std::moneypunct<wchar_t, true>::_M_initialize_moneypunct(__locale_struct*, char const*)
0 104 6 6 26 0 0 28 0 0
fn=std::num_put<char, std::ostreambuf_iterator<char, std::char_traits<char> > >::do_put(std::ostreambuf_iterator<char, std::char_traits<char> >, std::ios_base&, char, double) const
0 4 1 1 0 0 0 0 0 0
fn=std::num_put<char, std::ostreambuf_iterator<char, std::char_traits<char> > >::do_put(std::ostreambuf_iterator<char, std::char_traits<char> >, std::ios_base&, char, long) const
0 6 1 1 0 0 0 0 0 0
fn=std::numpunct<char>::_M_initialize_numpunct(__locale_struct*)
0 416 5 5 136 0 0 74 0 0
fn=std::numpunct<wchar_t>::_M_initialize_numpunct(__locale_struct*)
0 350 5 5 72 0 0 73 1 0
fn=std::operator&(std::_Ios_Fmtflags, std::_Ios_Fmtflags)
0 18 0 0 8 0 0 6 0 0
fn=std::operator&=(std::_Ios_Fmtflags&, std::_Ios_Fmtflags)
0 17 1 1 7 0 0 5 0 0
fn=std::operator|(std::_Ios_Fmtflags, std::_Ios_Fmtflags)
0 9 0 0 4 0 0 3 0 0
fn=std::operator|=(std::_Ios_Fmtflags&, std::_Ios_Fmtflags)
0 17 0 0 7 0 0 5 0 0
fn=std::operator~(std::_Ios_Fmtflags)
0 8 1 1 3 0 0 2 0 0
fn=std::ostream& std::ostream::_M_insert<double>(double)
0 55 4 4 22 1 1 8 0 0
fn=std::ostream& std::ostream::_M_insert<long>(long)
0 114 4 4 46 3 3 18 0 0
fn=std::ostream::flush()
0 263 5 5 129 11 6 42 0 0
fn=std::ostream::operator<<(double)
0 2 1 1 0 0 0 0 0 0
fn=std::ostream::operator<<(int)
0 22 1 1 6 0 0 0 0 0
fn=std::ostream::operator<<(std::ios_base& (*)(std::ios_base&))
0 14 1 1 5 2 2 3 0 0
fn=std::ostream::operator<<(std::ostream& (*)(std::ostream&))
0 4 1 1 0 0 0 0 0 0
fn=std::ostream::put(char)
0 80 4 4 38 0 0 12 0 0
fn=std::ostream::sentry::sentry(std::ostream&)
0 256 3 3 86 2 2 52 0 0
fn=std::ostreambuf_iterator<char, std::char_traits<char> > std::num_put<char, std::ostreambuf_iterator<char, std::char_traits<char> > >::_M_insert_float<double>(std::ostreambuf_iterator<char, std::char_traits<char> >, std::ios_base&, char, char, double) const
0 143 14 14 35 2 2 28 0 0
fn=std::ostreambuf_iterator<char, std::char_traits<char> > std::num_put<char, std::ostreambuf_iterator<char, std::char_traits<char> > >::_M_insert_int<long>(std::ostreambuf_iterator<char, std::char_traits<char> >, std::ios_base&, char, long) const
0 186 8 8 38 1 1 36 0 0
fn=std::setprecision(int)
0 7 0 0 3 0 0 2 0 0
fn=std::uncaught_exception()
0 18 1 1 6 1 1 4 0 0
fn=std::vector<double, std::allocator<double> >* std::__do_uninit_fill_n<std::vector<double, std::allocator<double> >*, unsigned long, std::vector<double, std::allocator<double> > >(std::vector<double, std::allocator<double> >*, unsigned long, std::vector<double, std::allocator<double> > const&)
0 25614 4 4 7524 3 0 6030 0 0
fn=std::vector<double, std::allocator<double> >* std::__uninitialized_fill_n_a<std::vector<double, std::allocator<double> >*, unsigned long, std::vector<double, std::allocator<double> >, std::vector<double, std::allocator<double> > >(std::vector<double, std::allocator<double> >*, unsigned long, std::vector<double, std::allocator<double> > const&, std::allocator<std::vector<double, std::allocator<double> > >&)
0 48 2 2 15 0 0 18 0 0
fn=std::vector<double, std::allocator<double> >* std::uninitialized_fill_n<std::vector<double, std::allocator<double> >*, unsigned long, std::vector<double, std::allocator<double> > >(std::vector<double, std::allocator<double> >*, unsigned long, std::vector<double, std::allocator<double> > const&)
0 45 1 1 15 3 0 15 0 0
fn=std::vector<double, std::allocator<double> >::_M_default_initialize(unsigned long)
0 63 1 1 21 0 0 18 0 0
fn=std::vector<double, std::allocator<double> >::_S_check_init_len(unsigned long, std::allocator<double> const&)
0 108 3 3 30 0 0 30 0 0
fn=std::vector<double, std::allocator<double> >::_S_max_size(std::allocator<double> const&)
0 93 3 3 27 0 0 27 0 0
fn=std::vector<double, std::allocator<double> >::begin() const
0 30000 0 0 13500 0 0 7500 0 0
fn=std::vector<double, std::allocator<double> >::end() const
0 31500 2 2 13500 0 0 7500 0 0
fn=std::vector<double, std::allocator<double> >::operator[](unsigned long)
0 8642250000 1 1 2630250000 0 0 1503000000 0 0
fn=std::vector<double, std::allocator<double> >::size() const
0 6012024000 1 1 3006012000 115249 975 1127254500 0 0
fn=std::vector<double, std::allocator<double> >::vector(std::vector<double, std::allocator<double> > const&)
0 111000 4 4 31500 0 0 33000 0 0
fn=std::vector<double, std::allocator<double> >::vector(unsigned long, std::allocator<double> const&)
0 87 3 3 27 0 0 24 0 0
fn=std::vector<double, std::allocator<double> >::~vector()
0 40581 3 3 15030 375 190 12024 0 0
fn=std::vector<std::vector<double, std::allocator<double> >, std::allocator<std::vector<double, std::allocator<double> > > >::_M_fill_initialize(unsigned long, std::vector<double, std::allocator<double> > const&)
0 66 1 1 24 3 0 21 3 0
fn=std::vector<std::vector<double, std::allocator<double> >, std::allocator<std::vector<double, std::allocator<double> > > >::_S_check_init_len(unsigned long, std::allocator<std::vector<double, std::allocator<double> > > const&)
0 108 3 3 30 0 0 30 0 0
fn=std::vector<std::vector<double, std::allocator<double> >, std::allocator<std::vector<double, std::allocator<double> > > >::_S_max_size(std::allocator<std::vector<double, std::allocator<double> > > const&)
0 93 2 2 27 0 0 27 0 0
fn=std::vector<std::vector<double, std::allocator<double> >, std::allocator<std::vector<double, std::allocator<double> > > >::operator[](unsigned long)
0 9769500000 3 3 2630250000 0 0 1503000000 0 0
fn=std::vector<std::vector<double, std::allocator<double> >, std::allocator<std::vector<double, std::allocator<double> > > >::size() const
0 6387750000 0 0 3006000000 1 0 1127250000 0 0
fn=std::vector<std::vector<double, std::allocator<double> >, std::allocator<std::vector<double, std::allocator<double> > > >::vector(unsigned long, std::vector<double, std::allocator<double> > const&, std::allocator<std::vector<double, std::allocator<double> > > const&)
0 93 3 3 30 3 0 27 0 0
fn=std::vector<std::vector<double, std::allocator<double> >, std::allocator<std::vector<double, std::allocator<double> > > >::~vector()
0 81 0 0 30 4 2 24 0 0
fn=unsigned long const& std::min<unsigned long>(unsigned long const&, unsigned long const&)
0 84 1 1 42 0 0 18 0 0
fn=void std::_Construct<double>(double*)
0 57 1 1 12 0 0 15 0 0
fn=void std::_Construct<std::vector<double, std::allocator<double> >, std::vector<double, std::allocator<double> > const&>(std::vector<double, std::allocator<double> >*, std::vector<double, std::allocator<double> > const&)
0 49500 3 3 13500 0 0 15000 0 0
fn=void std::_Destroy<double*>(double*, double*)
0 12024 0 0 3006 0 0 4509 0 0
fn=void std::_Destroy<std::vector<double, std::allocator<double> > >(std::vector<double, std::allocator<double> >*)
0 16500 1 1 4500 0 0 4500 0 0
fn=void std::_Destroy<std::vector<double, std::allocator<double> >*>(std::vector<double, std::allocator<double> >*, std::vector<double, std::allocator<double> >*)
0 13542 1 0 7512 0 0 3009 0 0
fn=void std::__fill_a1<double*, double>(double*, double*, double const&)
0 10533 2 2 7503 0 0 1515 62 62
summary: 37526664457 2569 2516 13444219811 1794828 93032 6393060002 191531 181250
